"FoodID","taxonomy","Main.food.description","Food_Description.x","Food_Description.y","check_ab","check_ac","check_bc","check_all"
11100000,"L1_Milk_and_Milk_Products;L2_Milks_and_milk_drinks;L3_Milk_fluid;L4_;L5_;Milk_NFS","Milk_NFS","Milk_almond_ready_to_drink","Milk_NFS",0,1,0,0
14108060,"L1_Milk_and_Milk_Products;L2_Cheeses;L3_Natural_cheeses;L4_Natural_cheeses;L5_Parmesan_Port_du_Salut_Provolone;Cheese_Parmesan_dry_grated_fat_free","Cheese_Parmesan_dry_grated_fat_free","Cheese_Parmesan_dry_grated_fat_free","Parmesan_cheese_topping_fat_free",1,0,0,0
24127110,"L1_Meat_Poultry_Fish_and_Mixtures;L2_Poultry;L3_Chicken;L4_Chicken_breast;L5_;Chicken_breast_coated_baked_or_fried_prepared_with_skin_skincoating_eaten","Chicken_breast_coated_baked_or_fried_prepared_with_skin_skincoating_eaten","Chicken_breast_coated_baked_or_fried_prepared_with_skin_skincoating_eaten_W_VEGETABLE_OIL_NFS_INCLUDE_OIL_NFS","Chicken_breast_coated_baked_or_fried_prepared_with_skin_skincoating_eaten",0,1,0,0
24127150,"L1_Meat_Poultry_Fish_and_Mixtures;L2_Poultry;L3_Chicken;L4_Chicken_breast;L5_;Chicken_breast_coated_baked_or_fried_prepared_skinless_coating_eaten","Chicken_breast_coated_baked_or_fried_prepared_skinless_coating_eaten","Chicken_breast_coated_baked_or_fried_prepared_skinless_coating_eaten_WO_FAT","Chicken_breast_coated_baked_or_fried_prepared_skinless_coating_eaten",0,1,0,0
24127150,"L1_Meat_Poultry_Fish_and_Mixtures;L2_Poultry;L3_Chicken;L4_Chicken_breast;L5_;Chicken_breast_coated_baked_or_fried_prepared_skinless_coating_eaten","Chicken_breast_coated_baked_or_fried_prepared_skinless_coating_eaten","Chicken_breast_coated_baked_or_fried_prepared_skinless_coating_eaten_W_MARGARINE_NFS","Chicken_breast_coated_baked_or_fried_prepared_skinless_coating_eaten",0,1,0,0
24127150,"L1_Meat_Poultry_Fish_and_Mixtures;L2_Poultry;L3_Chicken;L4_Chicken_breast;L5_;Chicken_breast_coated_baked_or_fried_prepared_skinless_coating_eaten","Chicken_breast_coated_baked_or_fried_prepared_skinless_coating_eaten","Chicken_breast_coated_baked_or_fried_prepared_skinless_coating_eaten_W_VEGETABLE_OIL_NFS_INCLUDE_OIL_NFS","Chicken_breast_coated_baked_or_fried_prepared_skinless_coating_eaten",0,1,0,0
24147210,"L1_Meat_Poultry_Fish_and_Mixtures;L2_Poultry;L3_Chicken;L4_Chicken_drumstick;L5_;Chicken_drumstick_coated_baked_or_fried_prepared_with_skin_skincoating_eaten","Chicken_drumstick_coated_baked_or_fried_prepared_with_skin_skincoating_eaten","Chicken_drumstick_coated_baked_or_fried_prepared_with_skin_skincoating_eaten","Chicken_drumstick_coated_baked_or_fried_prepared_with_skin_skincoating_eaten_W_VEGETABLE_OIL_NFS_INCLUDE_OIL_NFS",1,0,0,0
24157210,"L1_Meat_Poultry_Fish_and_Mixtures;L2_Poultry;L3_Chicken;L4_Chicken_thigh;L5_;Chicken_thigh_coated_baked_or_fried_prepared_with_skin_skincoating_eaten","Chicken_thigh_coated_baked_or_fried_prepared_with_skin_skincoating_eaten","Chicken_thigh_coated_baked_or_fried_prepared_with_skin_skincoating_eaten_W_VEGETABLE_OIL_NFS_INCLUDE_OIL_NFS","Chicken_thigh_coated_baked_or_fried_prepared_with_skin_skincoating_eaten",0,1,0,0
24157210,"L1_Meat_Poultry_Fish_and_Mixtures;L2_Poultry;L3_Chicken;L4_Chicken_thigh;L5_;Chicken_thigh_coated_baked_or_fried_prepared_with_skin_skincoating_eaten","Chicken_thigh_coated_baked_or_fried_prepared_with_skin_skincoating_eaten","Chicken_thigh_coated_baked_or_fried_prepared_with_skin_skincoating_eaten_W_VEGETABLE_OIL_NFS_INCLUDE_OIL_NFS","Chicken_thigh_coated_baked_or_fried_prepared_with_skin_skincoating_eaten_W_VEGETABLE_OIL_NFS_INCLUDE_OIL_NFS",0,0,1,0
24157210,"L1_Meat_Poultry_Fish_and_Mixtures;L2_Poultry;L3_Chicken;L4_Chicken_thigh;L5_;Chicken_thigh_coated_baked_or_fried_prepared_with_skin_skincoating_eaten","Chicken_thigh_coated_baked_or_fried_prepared_with_skin_skincoating_eaten","Chicken_thigh_coated_baked_or_fried_prepared_with_skin_skincoating_eaten","Chicken_thigh_coated_baked_or_fried_prepared_with_skin_skincoating_eaten_W_VEGETABLE_OIL_NFS_INCLUDE_OIL_NFS",1,0,0,0
24167110,"L1_Meat_Poultry_Fish_and_Mixtures;L2_Poultry;L3_Chicken;L4_Chicken_wing;L5_;Chicken_wing_coated_baked_or_fried_prepared_with_skin_skincoating_eaten","Chicken_wing_coated_baked_or_fried_prepared_with_skin_skincoating_eaten","Chicken_wing_coated_baked_or_fried_prepared_with_skin_skincoating_eaten","Chicken_wing_coated_baked_or_fried_prepared_with_skin_skincoating_eaten_WO_FAT",1,0,0,0
24167110,"L1_Meat_Poultry_Fish_and_Mixtures;L2_Poultry;L3_Chicken;L4_Chicken_wing;L5_;Chicken_wing_coated_baked_or_fried_prepared_with_skin_skincoating_eaten","Chicken_wing_coated_baked_or_fried_prepared_with_skin_skincoating_eaten","Chicken_wing_coated_baked_or_fried_prepared_with_skin_skincoating_eaten","Chicken_wing_coated_baked_or_fried_prepared_with_skin_skincoating_eaten_W_VEGETABLE_OIL_NFS_INCLUDE_OIL_NFS",1,0,0,0
24167110,"L1_Meat_Poultry_Fish_and_Mixtures;L2_Poultry;L3_Chicken;L4_Chicken_wing;L5_;Chicken_wing_coated_baked_or_fried_prepared_with_skin_skincoating_eaten","Chicken_wing_coated_baked_or_fried_prepared_with_skin_skincoating_eaten","Chicken_wing_coated_baked_or_fried_prepared_with_skin_skincoating_eaten_W_VEGETABLE_OIL_NFS_INCLUDE_OIL_NFS","Chicken_wing_coated_baked_or_fried_prepared_with_skin_skincoating_eaten_WO_FAT",0,0,0,0
24167110,"L1_Meat_Poultry_Fish_and_Mixtures;L2_Poultry;L3_Chicken;L4_Chicken_wing;L5_;Chicken_wing_coated_baked_or_fried_prepared_with_skin_skincoating_eaten","Chicken_wing_coated_baked_or_fried_prepared_with_skin_skincoating_eaten","Chicken_wing_coated_baked_or_fried_prepared_with_skin_skincoating_eaten_W_VEGETABLE_OIL_NFS_INCLUDE_OIL_NFS","Chicken_wing_coated_baked_or_fried_prepared_with_skin_skincoating_eaten_W_VEGETABLE_OIL_NFS_INCLUDE_OIL_NFS",0,0,1,0
25220710,"L1_Meat_Poultry_Fish_and_Mixtures;L2_Organ_meats_sausages_and_lunchmeats;L3_Frankfurters_sausages_lunchmeats_meat_spreads;L4_Sausages;L5_;Chorizo","Chorizo","Chorizo","Chorizos",1,0,0,0
25221860,"L1_Meat_Poultry_Fish_and_Mixtures;L2_Organ_meats_sausages_and_lunchmeats;L3_Frankfurters_sausages_lunchmeats_meat_spreads;L4_Sausages;L5_;Turkey_or_chicken_sausage_reduced_fat","Turkey_or_chicken_sausage_reduced_fat","Turkey_or_chicken_sausage_reduced_fat","Turkey_sausage_reduced_fat_brown_and_serve_cooked",1,0,0,0
26109130,"L1_Meat_Poultry_Fish_and_Mixtures;L2_Fish_and_shellfish;L3_Finfish;L4_Finfish_NS;L5_Cod;Cod_coated_baked_or_broiled_made_with_oil","Cod_coated_baked_or_broiled_made_with_oil","Cod_coated_baked_or_broiled_made_with_oil","Cod_breaded_or_battered_baked",1,0,0,0
26137120,"L1_Meat_Poultry_Fish_and_Mixtures;L2_Fish_and_shellfish;L3_Finfish;L4_Finfish_NS;L5_Salmon;Salmon_baked_or_broiled_made_with_oil","Salmon_baked_or_broiled_made_with_oil","Salmon_baked_or_broiled_made_with_oil","Salmon_baked_or_broiled_W_VEGETABLE_OIL_NFS_INCLUDE_OIL_NFS",1,0,0,0
26137120,"L1_Meat_Poultry_Fish_and_Mixtures;L2_Fish_and_shellfish;L3_Finfish;L4_Finfish_NS;L5_Salmon;Salmon_baked_or_broiled_made_with_oil","Salmon_baked_or_broiled_made_with_oil","Salmon_baked_or_broiled_made_with_oil","Salmon_baked_or_broiled_WO_FAT",1,0,0,0
26137120,"L1_Meat_Poultry_Fish_and_Mixtures;L2_Fish_and_shellfish;L3_Finfish;L4_Finfish_NS;L5_Salmon;Salmon_baked_or_broiled_made_with_oil","Salmon_baked_or_broiled_made_with_oil","Salmon_baked_or_broiled_made_with_oil","Salmon_baked_or_broiled_W_BUTTER_NFS",1,0,0,0
26137120,"L1_Meat_Poultry_Fish_and_Mixtures;L2_Fish_and_shellfish;L3_Finfish;L4_Finfish_NS;L5_Salmon;Salmon_baked_or_broiled_made_with_oil","Salmon_baked_or_broiled_made_with_oil","Salmon_baked_or_broiled_made_with_oil","Salmon_baked_or_broiled",1,0,0,0
26137140,"L1_Meat_Poultry_Fish_and_Mixtures;L2_Fish_and_shellfish;L3_Finfish;L4_Finfish_NS;L5_Salmon;Salmon_coated_fried_made_with_oil","Salmon_coated_fried_made_with_oil","Salmon_coated_fried_made_with_oil","Salmon_floured_or_breaded_fried_W_VEGETABLE_OIL_NFS_INCLUDE_OIL_NFS",1,0,0,0
26158010,"L1_Meat_Poultry_Fish_and_Mixtures;L2_Fish_and_shellfish;L3_Finfish;L4_Finfish_NS;L5_Tilapia;Tilapia_baked_or_broiled_made_with_oil","Tilapia_baked_or_broiled_made_with_oil","Tilapia_baked_or_broiled_made_with_oil","Tilapia_baked_or_broiled_W_VEGETABLE_OIL_NFS_INCLUDE_OIL_NFS",1,0,0,0
26158010,"L1_Meat_Poultry_Fish_and_Mixtures;L2_Fish_and_shellfish;L3_Finfish;L4_Finfish_NS;L5_Tilapia;Tilapia_baked_or_broiled_made_with_oil","Tilapia_baked_or_broiled_made_with_oil","Tilapia_baked_or_broiled_made_with_oil","Tilapia_baked_or_broiled",1,0,0,0
26213140,"L1_Meat_Poultry_Fish_and_Mixtures;L2_Fish_and_shellfish;L3_Other_seafood;L4_Other_seafood_NS;L5_Squid;Squid_coated_fried","Squid_coated_fried","Squid_coated_fried","Squid_breaded_fried",1,0,0,0
27146050,"L1_Meat_Poultry_Fish_and_Mixtures;L2_Meatpoultry_fish_with_nonmeat;L3_meatpoultryfish_in_gravy;L4_Poultry_with_gravy_or_sauce;L5_;Chicken_wing_with_hot_pepper_sauce","Chicken_wing_with_hot_pepper_sauce","Chicken_wing_with_hot_pepper_sauce","Chicken_wing_with_hot_pepper_sauce_WO_FAT",1,0,0,0
27146050,"L1_Meat_Poultry_Fish_and_Mixtures;L2_Meatpoultry_fish_with_nonmeat;L3_meatpoultryfish_in_gravy;L4_Poultry_with_gravy_or_sauce;L5_;Chicken_wing_with_hot_pepper_sauce","Chicken_wing_with_hot_pepper_sauce","Chicken_wing_with_hot_pepper_sauce_WO_FAT","Chicken_wing_with_hot_pepper_sauce",0,1,0,0
27146050,"L1_Meat_Poultry_Fish_and_Mixtures;L2_Meatpoultry_fish_with_nonmeat;L3_meatpoultryfish_in_gravy;L4_Poultry_with_gravy_or_sauce;L5_;Chicken_wing_with_hot_pepper_sauce","Chicken_wing_with_hot_pepper_sauce","Chicken_wing_with_hot_pepper_sauce_WO_FAT","Chicken_wing_with_hot_pepper_sauce_WO_FAT",0,0,1,0
27146350,"L1_Meat_Poultry_Fish_and_Mixtures;L2_Meatpoultry_fish_with_nonmeat;L3_meatpoultryfish_in_gravy;L4_Poultry_with_gravy_or_sauce;L5_;Orange_chicken","Orange_chicken","Orange_chicken","Lemon_chicken_Chinese_style",1,0,0,0
27343470,"L1_Meat_Poultry_Fish_and_Mixtures;L2_Meatpoultry_fish_with_nonmeat;L3_Meatpoultry_fish_with_starch_item_and_vegetables;L4_Poultry_with_starch_and_vegetable;L5_;Chicken_or_turkey_noodles_and_vegetables_including_carrots_broccoli_andor_dark_green_leafy_cream_sauce_white_sauce_or_mushroom_soup_based_sauce_mixture_","Chicken_or_turkey_noodles_and_vegetables_including_carrots_broccoli_andor_dark_green_leafy_cream_sauce_white_sauce_or_mushroom_soup_based_sauce_mixture","Chicken_or_turkey_noodles_and_vegetables_including_carrots_broccoli_andor_dark_green_leafy_cream_","Chicken_or_turkey_noodles_and_vegetables_including_carrots_broccoli_andor_dark_green_leafy_cream_sauce_white_sauce_or_mushroom_soup_based_sauce_mixture",0,1,0,0
27450060,"L1_Meat_Poultry_Fish_and_Mixtures;L2_Meatpoultry_fish_with_nonmeat;L3_Meat_poultry_fish_with_vegetables;L4_Fish_shellfish_with_vegetables_no_potatoes;L5_;Tuna_salad_made_with_mayonnaise","Tuna_salad_made_with_mayonnaise","Tuna_salad_made_with_mayonnaise","Tuna_salad",1,0,0,0
28310330,"L1_Meat_Poultry_Fish_and_Mixtures;L2_Frozen_and_shelfstable_plate_meals_soups_and_gravies;L3_Soups_broths_extracts_from_meat_poultry_fish_base;L4_Beef_soups;L5_;Meat_and_rice_noodle_soup_Asian_style_Vietnamese_Pho_Bo_","Meat_and_rice_noodle_soup_Asian_style_Vietnamese_Pho_Bo","Meat_and_rice_noodle_soup_Asian_style_Vietnamese_Pho_Bo","Beef_and_rice_noodle_soup_Oriental_style_Vietnamese_Pho_Bo",1,0,0,0
28340110,"L1_Meat_Poultry_Fish_and_Mixtures;L2_Frozen_and_shelfstable_plate_meals_soups_and_gravies;L3_Soups_broths_extracts_from_meat_poultry_fish_base;L4_Poultry_soups;L5_;Chicken_or_turkey_broth_bouillon_or_consomme","Chicken_or_turkey_broth_bouillon_or_consomme","Chicken_or_turkey_broth_bouillon_or_consomme","Chicken_broth_bouillon_or_consomme",1,0,0,0
32103000,"L1_Eggs;L2_Egg_mixtures;L3_Egg_dishes_made_with_whole_eggs;L4_;L5_;Egg_salad_made_with_mayonnaise","Egg_salad_made_with_mayonnaise","Egg_salad_made_with_mayonnaise","Egg_salad",1,0,0,0
41102010,"L1_Dry_Beans_Peas_Other_Legumes_Nuts_and_Seeds;L2_Legumes;L3_Dried_beans;L4_Beans_NS_to_type;L5_Black_brown_bayo_or_fava;Black_brown_or_Bayo_beans_dry_cooked_fat_added_in_cooking","Black_brown_or_Bayo_beans_dry_cooked_fat_added_in_cooking","Black_brown_or_Bayo_beans_dry_cooked_fat_added_in_cooking_W_BUTTER_NFS","Black_brown_or_Bayo_beans_dry_cooked_fat_added_in_cooking",0,1,0,0
41104010,"L1_Dry_Beans_Peas_Other_Legumes_Nuts_and_Seeds;L2_Legumes;L3_Dried_beans;L4_Beans_NS_to_type;L5_Pinto_calico_or_red_Mexican_beans;Pinto_calico_or_red_Mexican_beans_dry_cooked_fat_added_in_cooking","Pinto_calico_or_red_Mexican_beans_dry_cooked_fat_added_in_cooking","Pinto_calico_or_red_Mexican_beans_dry_cooked_fat_added_in_cooking","Pinto_calico_or_red_Mexican_beans_dry_cooked_fat_added_in_cooking_W_ANIMAL_FAT_OR_MEAT_DRIPPINGS",1,0,0,0
41205010,"L1_Dry_Beans_Peas_Other_Legumes_Nuts_and_Seeds;L2_Legumes;L3_Dried_beans_mixtures;L4_Dried_beans_mixtures;L5_Bean_dips_and_sauces;Refried_beans","Refried_beans","Refried_beans_W_VEGETABLE_OIL_NFS_INCLUDE_OIL_NFS","Refried_beans",0,1,0,0
41205010,"L1_Dry_Beans_Peas_Other_Legumes_Nuts_and_Seeds;L2_Legumes;L3_Dried_beans_mixtures;L4_Dried_beans_mixtures;L5_Bean_dips_and_sauces;Refried_beans","Refried_beans","Refried_beans_W_VEGETABLE_SHORTENING","Refried_beans",0,1,0,0
41209000,"L1_Dry_Beans_Peas_Other_Legumes_Nuts_and_Seeds;L2_Legumes;L3_Dried_beans_mixtures;L4_Dried_beans_mixtures;L5_Falafel;Falafel","Falafel","Falafel","Falafil",1,0,0,0
41304990,"L1_Dry_Beans_Peas_Other_Legumes_Nuts_and_Seeds;L2_Legumes;L3_Dried_peas_lentils_and_mixtures;L4_;L5_;Lentils_dry_cooked_fat_added_in_cooking","Lentils_dry_cooked_fat_added_in_cooking","Lentils_dry_cooked_fat_added_in_cooking_W_ANIMAL_FAT_OR_MEAT_DRIPPINGS","Lentils_dry_cooked_fat_added_in_cooking",0,1,0,0
41304990,"L1_Dry_Beans_Peas_Other_Legumes_Nuts_and_Seeds;L2_Legumes;L3_Dried_peas_lentils_and_mixtures;L4_;L5_;Lentils_dry_cooked_fat_added_in_cooking","Lentils_dry_cooked_fat_added_in_cooking","Lentils_dry_cooked_fat_added_in_cooking_W_BUTTER_NFS","Lentils_dry_cooked_fat_added_in_cooking",0,1,0,0
41603010,"L1_Dry_Beans_Peas_Other_Legumes_Nuts_and_Seeds;L2_Legumes;L3_Soups_with_legumes_as_major_ingredient;L4_;L5_;Lentil_soup_home_recipe_canned_or_ready_to_serve","Lentil_soup_home_recipe_canned_or_ready_to_serve","Lentil_soup_home_recipe_canned_or_ready_to_serve","Lentil_soup",1,0,0,0
43102000,"L1_Dry_Beans_Peas_Other_Legumes_Nuts_and_Seeds;L2_Seeds_and_seed_mixtures;L3_Seeds;L4_Seeds_NS;L5_Sunflower;Sunflower_seeds_hulled_unroasted_without_salt","Sunflower_seeds_hulled_unroasted_without_salt","Sunflower_seeds_hulled_unroasted_without_salt","Sunflower_seeds_hulled_unroasted",1,0,0,0
51160000,"L1_Grain_Product;L2_Yeast;L3_White_breads_rolls;L4_Rolls;L5_Roll_sweet;Roll_sweet_no_frosting","Roll_sweet_no_frosting","Roll_sweet_no_frosting","Roll_sweet",1,0,0,0
52302010,"L1_Grain_Product;L2_Quick_breads;L3_Other_muffins_popovers;L4_Muffin;L5_;Muffin_fruit","Muffin_fruit","Muffin_fruit","Muffin_fruit_andor_nuts",1,0,0,0
52405010,"L1_Grain_Product;L2_Quick_breads;L3_Other_quick_breads;L4_Other_quick_breads;L5_Bread_fruit;Bread_fruit","Bread_fruit","Bread_fruit","Bread_fruit_without_nuts",1,0,0,0
53100100,"L1_Grain_Product;L2_Cakes_cookies_pies_pastries_bars;L3_Cakes;L4_Cakes;L5_Cake_NS;Cake_or_cupcake_NS_as_to_type","Cake_or_cupcake_NS_as_to_type","Cake_or_cupcake_NS_as_to_type","Cake_NS_as_to_type_with_or_without_icing",1,0,0,0
53104100,"L1_Grain_Product;L2_Cakes_cookies_pies_pastries_bars;L3_Cakes;L4_Cakes;L5_Cake_carrot_coconut_or_cheesecake;Cake_or_cupcake_carrot_without_icing_or_filling","Cake_or_cupcake_carrot_without_icing_or_filling","Cake_or_cupcake_carrot_without_icing_or_filling","Cake_carrot_without_icing",1,0,0,0
53108200,"L1_Grain_Product;L2_Cakes_cookies_pies_pastries_bars;L3_Cakes;L4_Cakes;L5_Snack_cake;Snack_cake_chocolate_with_icing_or_filling","Snack_cake_chocolate_with_icing_or_filling","Snack_cake_chocolate_with_icing_or_filling","Cake_cupcake_chocolate_with_icing_or_filling",1,0,0,0
53116020,"L1_Grain_Product;L2_Cakes_cookies_pies_pastries_bars;L3_Cakes;L4_Cakes;L5_Cake_pound_pumpkin_raisin_nut;Cake_pound_with_icing_or_filling","Cake_pound_with_icing_or_filling","Cake_pound_with_icing_or_filling","Cake_pound_with_icing",1,0,0,0
53204100,"L1_Grain_Product;L2_Cakes_cookies_pies_pastries_bars;L3_Cookies;L4_Cookies;L5_Cookie_brownie;Cookie_brownie_with_icing_or_filling","Cookie_brownie_with_icing_or_filling","Cookie_brownie_with_icing_or_filling","Cookie_brownie_with_icing",1,0,0,0
53207000,"L1_Grain_Product;L2_Cakes_cookies_pies_pastries_bars;L3_Cookies;L4_Cookies;L5_Cookie_chocolate_or_fudge;Cookie_chocolate_or_fudge","Cookie_chocolate_or_fudge","Cookie_chocolate_or_fudge","Cookie_chocolate_fudge_withwithout_nuts",1,0,0,0
53210900,"L1_Grain_Product;L2_Cakes_cookies_pies_pastries_bars;L3_Cookies;L4_Cookies;L5_;Cookie_graham_cracker_with_chocolate_and_marshmallow","Cookie_graham_cracker_with_chocolate_and_marshmallow","Cookie_graham_cracker_with_chocolate_and_marshmallow","Cookie_graham_cracker_sandwich_with_chocolate_and_marshmallow_filling",1,0,0,0
53225000,"L1_Grain_Product;L2_Cakes_cookies_pies_pastries_bars;L3_Cookies;L4_Cookies;L5_Cookie_macaroon;Cookie_macaroon","Cookie_macaroon","Cookie_macaroon","Cookie_macaroon_coconut_meringue_type_no_flour",1,0,0,0
53241500,"L1_Grain_Product;L2_Cakes_cookies_pies_pastries_bars;L3_Cookies;L4_Cookies;L5_Cookie_butter;Cookie_butter_or_sugar","Cookie_butter_or_sugar","Cookie_butter_or_sugar","Cookie_butter_or_sugar_cookie",1,0,0,0
56203010,"L1_Grain_Product;L2_Pastas_cooked_cereals_rice;L3_Cooked_cereals_rice;L4_Cooked_cereals_rice;L5_Oatmeal;Oatmeal_cooked_regular_fat_not_added_in_cooking","Oatmeal_cooked_regular_fat_not_added_in_cooking","Oatmeal_cooked_regular_fat_not_added_in_cooking","Oatmeal_cooked_regular_fat_not_added_in_cooking_W_MILK",1,0,0,0
56203030,"L1_Grain_Product;L2_Pastas_cooked_cereals_rice;L3_Cooked_cereals_rice;L4_Cooked_cereals_rice;L5_Oatmeal;Oatmeal_cooked_instant_fat_not_added_in_cooking","Oatmeal_cooked_instant_fat_not_added_in_cooking","Oatmeal_cooked_instant_fat_not_added_in_cooking","Oatmeal_cooked_instant_fat_not_added_in_cooking_W_MILK",1,0,0,0
58100140,"L1_Grain_Product;L2_Grain_mixtures_frozen_plate_meals_soups;L3_Mixtures_mainly_grain_pasta_or_bread;L4_Mixtures_mainly_grain_pasta_or_bread;L5_Burrito_chilaquiles_or_enchilada;Burrito_with_meat_beans_and_sour_cream","Burrito_with_meat_beans_and_sour_cream","Burrito_with_meat_beans_and_sour_cream","Burrito_with_beef_beans_cheese_and_sour_cream",1,0,0,0
58100220,"L1_Grain_Product;L2_Grain_mixtures_frozen_plate_meals_soups;L3_Mixtures_mainly_grain_pasta_or_bread;L4_Mixtures_mainly_grain_pasta_or_bread;L5_Burrito_chilaquiles_or_enchilada;Burrito_with_chicken_and_beans","Burrito_with_chicken_and_beans","Burrito_with_chicken_and_beans","Burrito_with_chicken_beans_and_cheese",1,0,0,0
58100320,"L1_Grain_Product;L2_Grain_mixtures_frozen_plate_meals_soups;L3_Mixtures_mainly_grain_pasta_or_bread;L4_Mixtures_mainly_grain_pasta_or_bread;L5_Burrito_chilaquiles_or_enchilada;Burrito_with_beans_meatless","Burrito_with_beans_meatless","Burrito_with_beans_meatless","Burrito_with_beans_and_cheese_meatless",1,0,0,0
58100330,"L1_Grain_Product;L2_Grain_mixtures_frozen_plate_meals_soups;L3_Mixtures_mainly_grain_pasta_or_bread;L4_Mixtures_mainly_grain_pasta_or_bread;L5_Burrito_chilaquiles_or_enchilada;Burrito_with_beans_rice_and_sour_cream_meatless","Burrito_with_beans_rice_and_sour_cream_meatless","Burrito_with_beans_rice_and_sour_cream_meatless","Burrito_with_rice_beans_cheese_sour_cream_lettuce_tomato_and_guacamole_meatless",1,0,0,0
58100630,"L1_Grain_Product;L2_Grain_mixtures_frozen_plate_meals_soups;L3_Mixtures_mainly_grain_pasta_or_bread;L4_Mixtures_mainly_grain_pasta_or_bread;L5_Burrito_chilaquiles_or_enchilada;Enchilada_with_chicken_red_chile_or_enchilada_sauce","Enchilada_with_chicken_red_chile_or_enchilada_sauce","Enchilada_with_chicken_red_chile_or_enchilada_sauce","Enchilada_with_chicken_and_cheese_no_beans_tomato_based_sauce",1,0,0,0
58100800,"L1_Grain_Product;L2_Grain_mixtures_frozen_plate_meals_soups;L3_Mixtures_mainly_grain_pasta_or_bread;L4_Mixtures_mainly_grain_pasta_or_bread;L5_Burrito_chilaquiles_or_enchilada;Enchilada_just_cheese_meatless_no_beans_red_chile_or_enchilada_sauce","Enchilada_just_cheese_meatless_no_beans_red_chile_or_enchilada_sauce","Enchilada_just_cheese_meatless_no_beans_red_chile_or_enchilada_sauce","Enchilada_with_cheese_meatless_no_beans",1,0,0,0
58101720,"L1_Grain_Product;L2_Grain_mixtures_frozen_plate_meals_soups;L3_Mixtures_mainly_grain_pasta_or_bread;L4_Mixtures_mainly_grain_pasta_or_bread;L5_Taco_or_tostada;Taco_or_tostada_with_beans","Taco_or_tostada_with_beans","Taco_or_tostada_with_beans","Taco_or_tostada_with_beans_and_cheese_meatless_with_lettuce_tomato_and_salsa",1,0,0,0
58101940,"L1_Grain_Product;L2_Grain_mixtures_frozen_plate_meals_soups;L3_Mixtures_mainly_grain_pasta_or_bread;L4_Mixtures_mainly_grain_pasta_or_bread;L5_Taco_or_tostada;Taco_or_tostada_salad_meatless","Taco_or_tostada_salad_meatless","Taco_or_tostada_salad_meatless","Taco_or_tostada_salad_meatless_with_cheese_fried_flour_tortilla",1,0,0,0
58106225,"L1_Grain_Product;L2_Grain_mixtures_frozen_plate_meals_soups;L3_Mixtures_mainly_grain_pasta_or_bread;L4_Mixtures_mainly_grain_pasta_or_bread;L5_Pizza;Pizza_cheese_from_restaurant_or_fast_food_regular_crust","Pizza_cheese_from_restaurant_or_fast_food_regular_crust","Pizza_cheese_from_restaurant_or_fast_food_regular_crust","Pizza_cheese_regular_crust",1,0,0,0
58106550,"L1_Grain_Product;L2_Grain_mixtures_frozen_plate_meals_soups;L3_Mixtures_mainly_grain_pasta_or_bread;L4_Mixtures_mainly_grain_pasta_or_bread;L5_Pizza;Pizza_with_pepperoni_from_restaurant_or_fast_food_thin_crust","Pizza_with_pepperoni_from_restaurant_or_fast_food_thin_crust","Pizza_with_pepperoni_from_restaurant_or_fast_food_thin_crust","Pizza_with_pepperoni_thin_crust",1,0,0,0
58106555,"L1_Grain_Product;L2_Grain_mixtures_frozen_plate_meals_soups;L3_Mixtures_mainly_grain_pasta_or_bread;L4_Mixtures_mainly_grain_pasta_or_bread;L5_Pizza;Pizza_with_pepperoni_from_restaurant_or_fast_food_regular_crust","Pizza_with_pepperoni_from_restaurant_or_fast_food_regular_crust","Pizza_with_pepperoni_from_restaurant_or_fast_food_regular_crust","Pizza_with_pepperoni_regular_crust",1,0,0,0
58111110,"L1_Grain_Product;L2_Grain_mixtures_frozen_plate_meals_soups;L3_Mixtures_mainly_grain_pasta_or_bread;L4_Mixtures_mainly_grain_pasta_or_bread;L5_Won_ton;Won_ton_wonton_fried_filled_with_meat_poultry_or_seafood","Won_ton_wonton_fried_filled_with_meat_poultry_or_seafood","Won_ton_wonton_fried_filled_with_meat_poultry_or_seafood","Won_ton_wonton_fried_meat_filled",1,0,0,0
58132110,"L1_Grain_Product;L2_Grain_mixtures_frozen_plate_meals_soups;L3_Mixtures_mainly_grain_pasta_or_bread;L4_Mixtures_mainly_grain_pasta_or_bread;L5_Spaghetti;Spaghetti_with_tomato_sauce_meatless","Spaghetti_with_tomato_sauce_meatless","Spaghetti_with_tomato_sauce_meatless_WO_FAT","Spaghetti_with_tomato_sauce_meatless",0,1,0,0
58132310,"L1_Grain_Product;L2_Grain_mixtures_frozen_plate_meals_soups;L3_Mixtures_mainly_grain_pasta_or_bread;L4_Mixtures_mainly_grain_pasta_or_bread;L5_Spaghetti;Spaghetti_with_tomato_sauce_and_meatballs_or_spaghetti_with_meat_sauce_or_spaghetti_with_meat_sauce_and_meatballs","Spaghetti_with_tomato_sauce_and_meatballs_or_spaghetti_with_meat_sauce_or_spaghetti_with_meat_sauce_and_meatballs","Spaghetti_with_tomato_sauce_and_meatballs_or_spaghetti_with_meat_sauce_or_spaghetti_with_meat_sauce_and_meatballs_WO_FAT","Spaghetti_with_tomato_sauce_and_meatballs_or_spaghetti_with_meat_sauce_or_spaghetti_with_meat_sauce_and_meatballs",0,1,0,0
58145110,"L1_Grain_Product;L2_Grain_mixtures_frozen_plate_meals_soups;L3_Mixtures_mainly_grain_pasta_or_bread;L4_Mixtures_mainly_grain_pasta_or_bread;L5_Macaroni_or_noodles_with_cheese;Macaroni_or_noodles_with_cheese","Macaroni_or_noodles_with_cheese","Macaroni_or_noodles_with_cheese","Macaroni_or_noodles_with_cheese_W_VEGETABLE_OIL_NFS_INCLUDE_OIL_NFS",1,0,0,0
58148110,"L1_Grain_Product;L2_Grain_mixtures_frozen_plate_meals_soups;L3_Mixtures_mainly_grain_pasta_or_bread;L4_Mixtures_mainly_grain_pasta_or_bread;L5_Macaroni_or_pasta_salad;Macaroni_or_pasta_salad_made_with_mayonnaise","Macaroni_or_pasta_salad_made_with_mayonnaise","Macaroni_or_pasta_salad_made_with_mayonnaise","Macaroni_or_pasta_salad",1,0,0,0
58160110,"L1_Grain_Product;L2_Grain_mixtures_frozen_plate_meals_soups;L3_Mixtures_mainly_grain_pasta_or_bread;L4_Mixtures_mainly_grain_pasta_or_bread;L5_Rice_with_vegetables_or_lentils;Rice_with_beans","Rice_with_beans","Rice_with_beans","Rice_with_beans_WO_FAT",1,0,0,0
58160110,"L1_Grain_Product;L2_Grain_mixtures_frozen_plate_meals_soups;L3_Mixtures_mainly_grain_pasta_or_bread;L4_Mixtures_mainly_grain_pasta_or_bread;L5_Rice_with_vegetables_or_lentils;Rice_with_beans","Rice_with_beans","Rice_with_beans_WO_FAT","Rice_with_beans_WO_FAT",0,0,1,0
58160130,"L1_Grain_Product;L2_Grain_mixtures_frozen_plate_meals_soups;L3_Mixtures_mainly_grain_pasta_or_bread;L4_Mixtures_mainly_grain_pasta_or_bread;L5_Rice_with_vegetables_or_lentils;Rice_with_beans_and_chicken","Rice_with_beans_and_chicken","Rice_with_beans_and_chicken_WO_FAT","Rice_with_beans_and_chicken",0,1,0,0
58160150,"L1_Grain_Product;L2_Grain_mixtures_frozen_plate_meals_soups;L3_Mixtures_mainly_grain_pasta_or_bread;L4_Mixtures_mainly_grain_pasta_or_bread;L5_Rice_with_vegetables_or_lentils;Red_beans_and_rice","Red_beans_and_rice","Red_beans_and_rice","Red_beans_and_rice_W_VEGETABLE_OIL_NFS_INCLUDE_OIL_NFS",1,0,0,0
58160150,"L1_Grain_Product;L2_Grain_mixtures_frozen_plate_meals_soups;L3_Mixtures_mainly_grain_pasta_or_bread;L4_Mixtures_mainly_grain_pasta_or_bread;L5_Rice_with_vegetables_or_lentils;Red_beans_and_rice","Red_beans_and_rice","Red_beans_and_rice","Red_beans_and_rice_WO_FAT",1,0,0,0
58162310,"L1_Grain_Product;L2_Grain_mixtures_frozen_plate_meals_soups;L3_Mixtures_mainly_grain_pasta_or_bread;L4_Mixtures_mainly_grain_pasta_or_bread;L5_Stuffed_vegetables_with_rice;Rice_pilaf","Rice_pilaf","Rice_pilaf","Rice_pilaf_WO_FAT",1,0,0,0
58163410,"L1_Grain_Product;L2_Grain_mixtures_frozen_plate_meals_soups;L3_Mixtures_mainly_grain_pasta_or_bread;L4_Mixtures_mainly_grain_pasta_or_bread;L5_Dirty_rice_flavored_rice_or_Spanish_rice;Spanish_rice_fat_added_in_cooking","Spanish_rice_fat_added_in_cooking","Spanish_rice_fat_added_in_cooking","Spanish_rice",1,0,0,0
58401010,"L1_Grain_Product;L2_Grain_mixtures_frozen_plate_meals_soups;L3_Soups_with_grain_product_as_major_ingredient;L4_;L5_;Barley_soup_home_recipe_canned_or_ready_to_serve","Barley_soup_home_recipe_canned_or_ready_to_serve","Barley_soup_home_recipe_canned_or_ready_to_serve","Barley_soup",1,0,0,0
58402010,"L1_Grain_Product;L2_Grain_mixtures_frozen_plate_meals_soups;L3_Soups_with_grain_product_as_major_ingredient;L4_;L5_;Beef_noodle_soup_canned_or_ready_to_serve","Beef_noodle_soup_canned_or_ready_to_serve","Beef_noodle_soup_canned_or_ready_to_serve","Beef_noodle_soup",1,0,0,0
58403040,"L1_Grain_Product;L2_Grain_mixtures_frozen_plate_meals_soups;L3_Soups_with_grain_product_as_major_ingredient;L4_;L5_;Chicken_or_turkey_noodle_soup_home_recipe","Chicken_or_turkey_noodle_soup_home_recipe","Chicken_or_turkey_noodle_soup_home_recipe","Chicken_noodle_soup_home_recipe",1,0,0,0
63409010,"L1_Fruits;L2_Other_fruits;L3_Mixtures_of_fruits_and_nonfruit_items;L4_Mixtures_of_fruits_and_nonfruit_items;L5_Guacamole_or_chutney;Guacamole","Guacamole","Guacamole","",1,0,0,0
63409010,"L1_Fruits;L2_Other_fruits;L3_Mixtures_of_fruits_and_nonfruit_items;L4_Mixtures_of_fruits_and_nonfruit_items;L5_Guacamole_or_chutney;Guacamole","Guacamole","Guacamole","Guacamole_NFS",1,0,0,0
71401030,"L1_Vegetables;L2_White_potatoes_and_Puerto_Rican_starchy_vegetables;L3_White_potatoes_fried;L4_White_potatoes_fried;L5_White_potato_french_fries;White_potato_french_fries_from_frozen_deep_fried_from_fast_food_restaurant","White_potato_french_fries_from_frozen_deep_fried_from_fast_food_restaurant","White_potato_french_fries_from_frozen_deep_fried_from_fast_food_restaurant","White_potato_french_fries_from_frozen_deep_fried",1,0,0,0
71403000,"L1_Vegetables;L2_White_potatoes_and_Puerto_Rican_starchy_vegetables;L3_White_potatoes_fried;L4_White_potatoes_fried;L5_White_potato_home_fries;White_potato_home_fries","White_potato_home_fries","White_potato_home_fries_WO_FAT","White_potato_home_fries",0,1,0,0
71403000,"L1_Vegetables;L2_White_potatoes_and_Puerto_Rican_starchy_vegetables;L3_White_potatoes_fried;L4_White_potatoes_fried;L5_White_potato_home_fries;White_potato_home_fries","White_potato_home_fries","White_potato_home_fries_WO_FAT","White_potato_home_fries_WO_FAT",0,0,1,0
71403000,"L1_Vegetables;L2_White_potatoes_and_Puerto_Rican_starchy_vegetables;L3_White_potatoes_fried;L4_White_potatoes_fried;L5_White_potato_home_fries;White_potato_home_fries","White_potato_home_fries","White_potato_home_fries","White_potato_home_fries_WO_FAT",1,0,0,0
71603010,"L1_Vegetables;L2_White_potatoes_and_Puerto_Rican_starchy_vegetables;L3_Potato_salad;L4_Potato_salad;L5_Potato_salad_with_dressing;Potato_salad_made_with_mayonnaise","Potato_salad_made_with_mayonnaise","Potato_salad_made_with_mayonnaise","Potato_salad",1,0,0,0
72104220,"L1_Vegetables;L2_Darkgreen_vegetables;L3_Darkgreen_leafy_vegetables;L4_Darkgreen_leafy_vegetables;L5_Chard;Chard_cooked_fat_added_in_cooking","Chard_cooked_fat_added_in_cooking","Chard_cooked_fat_added_in_cooking","Chard_cooked_fat_added_in_cooking_W_VEGETABLE_OIL_NFS_INCLUDE_OIL_NFS",1,0,0,0
72104220,"L1_Vegetables;L2_Darkgreen_vegetables;L3_Darkgreen_leafy_vegetables;L4_Darkgreen_leafy_vegetables;L5_Chard;Chard_cooked_fat_added_in_cooking","Chard_cooked_fat_added_in_cooking","Chard_cooked_fat_added_in_cooking_W_VEGETABLE_OIL_NFS_INCLUDE_OIL_NFS","Chard_cooked_fat_added_in_cooking_W_VEGETABLE_OIL_NFS_INCLUDE_OIL_NFS",0,0,1,0
72122221,"L1_Vegetables;L2_Darkgreen_vegetables;L3_Darkgreen_leafy_vegetables;L4_Darkgreen_leafy_vegetables;L5_Mustard_greens;Mustard_greens_cooked_from_fresh_fat_added_in_cooking","Mustard_greens_cooked_from_fresh_fat_added_in_cooking","Mustard_greens_cooked_from_fresh_fat_added_in_cooking_W_VEGETABLE_OIL_NFS_INCLUDE_OIL_NFS","Mustard_greens_cooked_from_fresh_fat_added_in_cooking_W_VEGETABLE_OIL_NFS_INCLUDE_OIL_NFS",0,0,1,0
72201221,"L1_Vegetables;L2_Darkgreen_vegetables;L3_Darkgreen_nonleafy_vegetables;L4_Broccoli;L5_;Broccoli_cooked_from_fresh_fat_added_in_cooking","Broccoli_cooked_from_fresh_fat_added_in_cooking","Broccoli_cooked_from_fresh_fat_added_in_cooking_W_BUTTER_NFS","Broccoli_cooked_from_fresh_fat_added_in_cooking_W_VEGETABLE_OIL_NFS_INCLUDE_OIL_NFS",0,0,0,0
72201221,"L1_Vegetables;L2_Darkgreen_vegetables;L3_Darkgreen_nonleafy_vegetables;L4_Broccoli;L5_;Broccoli_cooked_from_fresh_fat_added_in_cooking","Broccoli_cooked_from_fresh_fat_added_in_cooking","Broccoli_cooked_from_fresh_fat_added_in_cooking_W_BUTTER_NFS","Broccoli_cooked_from_fresh_fat_added_in_cooking",0,1,0,0
72201221,"L1_Vegetables;L2_Darkgreen_vegetables;L3_Darkgreen_nonleafy_vegetables;L4_Broccoli;L5_;Broccoli_cooked_from_fresh_fat_added_in_cooking","Broccoli_cooked_from_fresh_fat_added_in_cooking","Broccoli_cooked_from_fresh_fat_added_in_cooking","Broccoli_cooked_from_fresh_fat_added_in_cooking_W_VEGETABLE_OIL_NFS_INCLUDE_OIL_NFS",1,0,0,0
72201221,"L1_Vegetables;L2_Darkgreen_vegetables;L3_Darkgreen_nonleafy_vegetables;L4_Broccoli;L5_;Broccoli_cooked_from_fresh_fat_added_in_cooking","Broccoli_cooked_from_fresh_fat_added_in_cooking","Broccoli_cooked_from_fresh_fat_added_in_cooking_W_VEGETABLE_OIL_NFS_INCLUDE_OIL_NFS","Broccoli_cooked_from_fresh_fat_added_in_cooking_W_VEGETABLE_OIL_NFS_INCLUDE_OIL_NFS",0,0,1,0
72201221,"L1_Vegetables;L2_Darkgreen_vegetables;L3_Darkgreen_nonleafy_vegetables;L4_Broccoli;L5_;Broccoli_cooked_from_fresh_fat_added_in_cooking","Broccoli_cooked_from_fresh_fat_added_in_cooking","Broccoli_cooked_from_fresh_fat_added_in_cooking_W_VEGETABLE_OIL_NFS_INCLUDE_OIL_NFS","Broccoli_cooked_from_fresh_fat_added_in_cooking",0,1,0,0
72201222,"L1_Vegetables;L2_Darkgreen_vegetables;L3_Darkgreen_nonleafy_vegetables;L4_Broccoli;L5_;Broccoli_cooked_from_frozen_fat_added_in_cooking","Broccoli_cooked_from_frozen_fat_added_in_cooking","Broccoli_cooked_from_frozen_fat_added_in_cooking_W_BUTTER_NFS","Broccoli_cooked_from_frozen_fat_added_in_cooking",0,1,0,0
73102221,"L1_Vegetables;L2_Deepyellow_vegetables;L3_Carrots;L4_Carrots;L5_Carrots_cooked;Carrots_cooked_from_fresh_fat_added_in_cooking","Carrots_cooked_from_fresh_fat_added_in_cooking","Carrots_cooked_from_fresh_fat_added_in_cooking_W_ANIMAL_FAT_OR_MEAT_DRIPPINGS","Carrots_cooked_from_fresh_fat_added_in_cooking_W_VEGETABLE_OIL_NFS_INCLUDE_OIL_NFS",0,0,0,0
73102221,"L1_Vegetables;L2_Deepyellow_vegetables;L3_Carrots;L4_Carrots;L5_Carrots_cooked;Carrots_cooked_from_fresh_fat_added_in_cooking","Carrots_cooked_from_fresh_fat_added_in_cooking","Carrots_cooked_from_fresh_fat_added_in_cooking_W_ANIMAL_FAT_OR_MEAT_DRIPPINGS","Carrots_cooked_from_fresh_fat_added_in_cooking",0,1,0,0
73102221,"L1_Vegetables;L2_Deepyellow_vegetables;L3_Carrots;L4_Carrots;L5_Carrots_cooked;Carrots_cooked_from_fresh_fat_added_in_cooking","Carrots_cooked_from_fresh_fat_added_in_cooking","Carrots_cooked_from_fresh_fat_added_in_cooking_W_BUTTER_NFS","Carrots_cooked_from_fresh_fat_added_in_cooking_W_VEGETABLE_OIL_NFS_INCLUDE_OIL_NFS",0,0,0,0
73102221,"L1_Vegetables;L2_Deepyellow_vegetables;L3_Carrots;L4_Carrots;L5_Carrots_cooked;Carrots_cooked_from_fresh_fat_added_in_cooking","Carrots_cooked_from_fresh_fat_added_in_cooking","Carrots_cooked_from_fresh_fat_added_in_cooking_W_BUTTER_NFS","Carrots_cooked_from_fresh_fat_added_in_cooking",0,1,0,0
73102221,"L1_Vegetables;L2_Deepyellow_vegetables;L3_Carrots;L4_Carrots;L5_Carrots_cooked;Carrots_cooked_from_fresh_fat_added_in_cooking","Carrots_cooked_from_fresh_fat_added_in_cooking","Carrots_cooked_from_fresh_fat_added_in_cooking_W_VEGETABLE_OIL_NFS_INCLUDE_OIL_NFS","Carrots_cooked_from_fresh_fat_added_in_cooking_W_VEGETABLE_OIL_NFS_INCLUDE_OIL_NFS",0,0,1,0
73102221,"L1_Vegetables;L2_Deepyellow_vegetables;L3_Carrots;L4_Carrots;L5_Carrots_cooked;Carrots_cooked_from_fresh_fat_added_in_cooking","Carrots_cooked_from_fresh_fat_added_in_cooking","Carrots_cooked_from_fresh_fat_added_in_cooking_W_VEGETABLE_OIL_NFS_INCLUDE_OIL_NFS","Carrots_cooked_from_fresh_fat_added_in_cooking",0,1,0,0
73102221,"L1_Vegetables;L2_Deepyellow_vegetables;L3_Carrots;L4_Carrots;L5_Carrots_cooked;Carrots_cooked_from_fresh_fat_added_in_cooking","Carrots_cooked_from_fresh_fat_added_in_cooking","Carrots_cooked_from_fresh_fat_added_in_cooking","Carrots_cooked_from_fresh_fat_added_in_cooking_W_VEGETABLE_OIL_NFS_INCLUDE_OIL_NFS",1,0,0,0
73402010,"L1_Vegetables;L2_Deepyellow_vegetables;L3_Sweet_potatoes;L4_Sweet_potatoes;L5_Sweet_potato_baked_peel_eaten;Sweet_potato_baked_peel_eaten_fat_not_added_in_cooking","Sweet_potato_baked_peel_eaten_fat_not_added_in_cooking","Sweet_potato_baked_peel_eaten_fat_not_added_in_cooking","Sweetpotato_baked_peel_eaten_fat_not_added_in_cooking",1,0,0,0
73402020,"L1_Vegetables;L2_Deepyellow_vegetables;L3_Sweet_potatoes;L4_Sweet_potatoes;L5_Sweet_potato_baked_peel_eaten;Sweet_potato_baked_peel_eaten_fat_added_in_cooking","Sweet_potato_baked_peel_eaten_fat_added_in_cooking","Sweet_potato_baked_peel_eaten_fat_added_in_cooking","Sweetpotato_baked_peel_eaten_fat_added_in_cooking",1,0,0,0
73403020,"L1_Vegetables;L2_Deepyellow_vegetables;L3_Sweet_potatoes;L4_Sweet_potatoes;L5_Sweet_potato_baked_peel_not_eaten;Sweet_potato_baked_peel_not_eaten_fat_added_in_cooking","Sweet_potato_baked_peel_not_eaten_fat_added_in_cooking","Sweet_potato_baked_peel_not_eaten_fat_added_in_cooking","Sweetpotato_baked_peel_not_eaten_fat_added_in_cooking",1,0,0,0
73409000,"L1_Vegetables;L2_Deepyellow_vegetables;L3_Sweet_potatoes;L4_Sweet_potatoes;L5_Sweet_potato_casserole_or_mashed;Sweet_potato_casserole_or_mashed","Sweet_potato_casserole_or_mashed","Sweetpotato_casserole_or_mashed_WO_FAT","Sweetpotato_casserole_or_mashed_WO_FAT",0,0,1,0
73409000,"L1_Vegetables;L2_Deepyellow_vegetables;L3_Sweet_potatoes;L4_Sweet_potatoes;L5_Sweet_potato_casserole_or_mashed;Sweet_potato_casserole_or_mashed","Sweet_potato_casserole_or_mashed","Sweetpotato_casserole_or_mashed_WO_FAT","Sweetpotato_casserole_or_mashed",0,0,0,0
73409000,"L1_Vegetables;L2_Deepyellow_vegetables;L3_Sweet_potatoes;L4_Sweet_potatoes;L5_Sweet_potato_casserole_or_mashed;Sweet_potato_casserole_or_mashed","Sweet_potato_casserole_or_mashed","Sweet_potato_casserole_or_mashed","Sweetpotato_casserole_or_mashed_WO_FAT",1,0,0,0
73409000,"L1_Vegetables;L2_Deepyellow_vegetables;L3_Sweet_potatoes;L4_Sweet_potatoes;L5_Sweet_potato_casserole_or_mashed;Sweet_potato_casserole_or_mashed","Sweet_potato_casserole_or_mashed","Sweet_potato_casserole_or_mashed","Sweetpotato_casserole_or_mashed",1,0,0,0
74402110,"L1_Vegetables;L2_Tomatoes_and_tomato_mixtures;L3_Tomato_sauces;L4_Tomato_sauces;L5_Chili_sauce_or_salsa;Salsa_pico_de_gallo","Salsa_pico_de_gallo","Salsa_pico_de_gallo","Salsa_red_uncooked",1,0,0,0
74402150,"L1_Vegetables;L2_Tomatoes_and_tomato_mixtures;L3_Tomato_sauces;L4_Tomato_sauces;L5_Chili_sauce_or_salsa;Salsa_red_commercially_prepared","Salsa_red_commercially_prepared","Salsa_red_commercially_prepared","Salsa_red_cooked_not_homemade",1,0,0,0
74402200,"L1_Vegetables;L2_Tomatoes_and_tomato_mixtures;L3_Tomato_sauces;L4_Tomato_sauces;L5_Chili_sauce_or_salsa;Salsa_red_homemade","Salsa_red_homemade","Salsa_red_homemade","Salsa_red_cooked_homemade",1,0,0,0
74402350,"L1_Vegetables;L2_Tomatoes_and_tomato_mixtures;L3_Tomato_sauces;L4_Tomato_sauces;L5_Chili_sauce_or_salsa;Salsa_verde_or_salsa_green","Salsa_verde_or_salsa_green","Salsa_verde_or_salsa_green","Green_tomato_chile_sauce_cooked_Salsa_verde_NFS",1,0,0,0
75141000,"L1_Vegetables;L2_Other_vegetables;L3_Other_vegetables_raw;L4_Raw_vegetable_mixtures;L5_Cabbage_salad_or_coleslaw_or_celery;Cabbage_salad_or_coleslaw_made_with_coleslaw_dressing","Cabbage_salad_or_coleslaw_made_with_coleslaw_dressing","Cabbage_salad_or_coleslaw_made_with_coleslaw_dressing","Cabbage_salad_or_coleslaw_with_dressing",1,0,0,0
75141000,"L1_Vegetables;L2_Other_vegetables;L3_Other_vegetables_raw;L4_Raw_vegetable_mixtures;L5_Cabbage_salad_or_coleslaw_or_celery;Cabbage_salad_or_coleslaw_made_with_coleslaw_dressing","Cabbage_salad_or_coleslaw_made_with_coleslaw_dressing","Cabbage_salad_or_coleslaw_made_with_coleslaw_dressing","Cabbage_salad_or_coleslaw_with_dressing_W_VINEGAR",1,0,0,0
75202021,"L1_Vegetables;L2_Other_vegetables;L3_Other_vegetables_cooked;L4_Other_vegetables_cooked;L5_Asparagus;Asparagus_cooked_from_fresh_fat_added_in_cooking","Asparagus_cooked_from_fresh_fat_added_in_cooking","Asparagus_cooked_from_fresh_fat_added_in_cooking_W_BUTTER_NFS","Asparagus_cooked_from_fresh_fat_added_in_cooking_W_VEGETABLE_OIL_NFS_INCLUDE_OIL_NFS",0,0,0,0
75202021,"L1_Vegetables;L2_Other_vegetables;L3_Other_vegetables_cooked;L4_Other_vegetables_cooked;L5_Asparagus;Asparagus_cooked_from_fresh_fat_added_in_cooking","Asparagus_cooked_from_fresh_fat_added_in_cooking","Asparagus_cooked_from_fresh_fat_added_in_cooking_W_BUTTER_NFS","Asparagus_cooked_from_fresh_fat_added_in_cooking_W_BUTTER_NFS",0,0,1,0
75202021,"L1_Vegetables;L2_Other_vegetables;L3_Other_vegetables_cooked;L4_Other_vegetables_cooked;L5_Asparagus;Asparagus_cooked_from_fresh_fat_added_in_cooking","Asparagus_cooked_from_fresh_fat_added_in_cooking","Asparagus_cooked_from_fresh_fat_added_in_cooking_W_VEGETABLE_OIL_NFS_INCLUDE_OIL_NFS","Asparagus_cooked_from_fresh_fat_added_in_cooking_W_VEGETABLE_OIL_NFS_INCLUDE_OIL_NFS",0,0,1,0
75202021,"L1_Vegetables;L2_Other_vegetables;L3_Other_vegetables_cooked;L4_Other_vegetables_cooked;L5_Asparagus;Asparagus_cooked_from_fresh_fat_added_in_cooking","Asparagus_cooked_from_fresh_fat_added_in_cooking","Asparagus_cooked_from_fresh_fat_added_in_cooking_W_VEGETABLE_OIL_NFS_INCLUDE_OIL_NFS","Asparagus_cooked_from_fresh_fat_added_in_cooking_W_BUTTER_NFS",0,0,0,0
75202021,"L1_Vegetables;L2_Other_vegetables;L3_Other_vegetables_cooked;L4_Other_vegetables_cooked;L5_Asparagus;Asparagus_cooked_from_fresh_fat_added_in_cooking","Asparagus_cooked_from_fresh_fat_added_in_cooking","Asparagus_cooked_from_fresh_fat_added_in_cooking","Asparagus_cooked_from_fresh_fat_added_in_cooking_W_VEGETABLE_OIL_NFS_INCLUDE_OIL_NFS",1,0,0,0
75202021,"L1_Vegetables;L2_Other_vegetables;L3_Other_vegetables_cooked;L4_Other_vegetables_cooked;L5_Asparagus;Asparagus_cooked_from_fresh_fat_added_in_cooking","Asparagus_cooked_from_fresh_fat_added_in_cooking","Asparagus_cooked_from_fresh_fat_added_in_cooking","Asparagus_cooked_from_fresh_fat_added_in_cooking_W_BUTTER_NFS",1,0,0,0
75205031,"L1_Vegetables;L2_Other_vegetables;L3_Other_vegetables_cooked;L4_Other_vegetables_cooked;L5_Beans_lima_or_string;Beans_string_green_cooked_from_fresh_fat_added_in_cooking","Beans_string_green_cooked_from_fresh_fat_added_in_cooking","Beans_string_green_cooked_from_fresh_fat_added_in_cooking_W_BUTTER_NFS","Beans_string_green_cooked_from_fresh_fat_added_in_cooking_W_VEGETABLE_OIL_NFS_INCLUDE_OIL_NFS",0,0,0,0
75205031,"L1_Vegetables;L2_Other_vegetables;L3_Other_vegetables_cooked;L4_Other_vegetables_cooked;L5_Beans_lima_or_string;Beans_string_green_cooked_from_fresh_fat_added_in_cooking","Beans_string_green_cooked_from_fresh_fat_added_in_cooking","Beans_string_green_cooked_from_fresh_fat_added_in_cooking","Beans_string_green_cooked_from_fresh_fat_added_in_cooking_W_VEGETABLE_OIL_NFS_INCLUDE_OIL_NFS",1,0,0,0
75205031,"L1_Vegetables;L2_Other_vegetables;L3_Other_vegetables_cooked;L4_Other_vegetables_cooked;L5_Beans_lima_or_string;Beans_string_green_cooked_from_fresh_fat_added_in_cooking","Beans_string_green_cooked_from_fresh_fat_added_in_cooking","Beans_string_green_cooked_from_fresh_fat_added_in_cooking_W_VEGETABLE_OIL_NFS_INCLUDE_OIL_NFS","Beans_string_green_cooked_from_fresh_fat_added_in_cooking_W_VEGETABLE_OIL_NFS_INCLUDE_OIL_NFS",0,0,1,0
75209022,"L1_Vegetables;L2_Other_vegetables;L3_Other_vegetables_cooked;L4_Other_vegetables_cooked;L5_Brussels_sprouts;Brussels_sprouts_cooked_from_frozen_fat_added_in_cooking","Brussels_sprouts_cooked_from_frozen_fat_added_in_cooking","Brussels_sprouts_cooked_from_frozen_fat_added_in_cooking_W_BUTTER_NFS","Brussels_sprouts_cooked_from_frozen_fat_added_in_cooking_W_BUTTER_NFS",0,0,1,0
75211030,"L1_Vegetables;L2_Other_vegetables;L3_Other_vegetables_cooked;L4_Other_vegetables_cooked;L5_Cabbage_green;Cabbage_green_cooked_fat_added_in_cooking","Cabbage_green_cooked_fat_added_in_cooking","Cabbage_green_cooked_fat_added_in_cooking","Cabbage_green_cooked_fat_added_in_cooking_W_VEGETABLE_OIL_NFS_INCLUDE_OIL_NFS",1,0,0,0
75211030,"L1_Vegetables;L2_Other_vegetables;L3_Other_vegetables_cooked;L4_Other_vegetables_cooked;L5_Cabbage_green;Cabbage_green_cooked_fat_added_in_cooking","Cabbage_green_cooked_fat_added_in_cooking","Cabbage_green_cooked_fat_added_in_cooking","Cabbage_green_cooked_fat_added_in_cooking_W_ANIMAL_FAT_OR_MEAT_DRIPPINGS",1,0,0,0
75211030,"L1_Vegetables;L2_Other_vegetables;L3_Other_vegetables_cooked;L4_Other_vegetables_cooked;L5_Cabbage_green;Cabbage_green_cooked_fat_added_in_cooking","Cabbage_green_cooked_fat_added_in_cooking","Cabbage_green_cooked_fat_added_in_cooking_W_VEGETABLE_OIL_NFS_INCLUDE_OIL_NFS","Cabbage_green_cooked_fat_added_in_cooking",0,1,0,0
75211030,"L1_Vegetables;L2_Other_vegetables;L3_Other_vegetables_cooked;L4_Other_vegetables_cooked;L5_Cabbage_green;Cabbage_green_cooked_fat_added_in_cooking","Cabbage_green_cooked_fat_added_in_cooking","Cabbage_green_cooked_fat_added_in_cooking_W_VEGETABLE_OIL_NFS_INCLUDE_OIL_NFS","Cabbage_green_cooked_fat_added_in_cooking_W_VEGETABLE_OIL_NFS_INCLUDE_OIL_NFS",0,0,1,0
75211030,"L1_Vegetables;L2_Other_vegetables;L3_Other_vegetables_cooked;L4_Other_vegetables_cooked;L5_Cabbage_green;Cabbage_green_cooked_fat_added_in_cooking","Cabbage_green_cooked_fat_added_in_cooking","Cabbage_green_cooked_fat_added_in_cooking_W_VEGETABLE_OIL_NFS_INCLUDE_OIL_NFS","Cabbage_green_cooked_fat_added_in_cooking_W_ANIMAL_FAT_OR_MEAT_DRIPPINGS",0,0,0,0
75214021,"L1_Vegetables;L2_Other_vegetables;L3_Other_vegetables_cooked;L4_Other_vegetables_cooked;L5_Cauliflower;Cauliflower_cooked_from_fresh_fat_added_in_cooking","Cauliflower_cooked_from_fresh_fat_added_in_cooking","Cauliflower_cooked_from_fresh_fat_added_in_cooking_W_VEGETABLE_OIL_NFS_INCLUDE_OIL_NFS","Cauliflower_cooked_from_fresh_fat_added_in_cooking_W_ANIMAL_FAT_OR_MEAT_DRIPPINGS",0,0,0,0
75214021,"L1_Vegetables;L2_Other_vegetables;L3_Other_vegetables_cooked;L4_Other_vegetables_cooked;L5_Cauliflower;Cauliflower_cooked_from_fresh_fat_added_in_cooking","Cauliflower_cooked_from_fresh_fat_added_in_cooking","Cauliflower_cooked_from_fresh_fat_added_in_cooking_W_VEGETABLE_OIL_NFS_INCLUDE_OIL_NFS","Cauliflower_cooked_from_fresh_fat_added_in_cooking_W_VEGETABLE_OIL_NFS_INCLUDE_OIL_NFS",0,0,1,0
75214021,"L1_Vegetables;L2_Other_vegetables;L3_Other_vegetables_cooked;L4_Other_vegetables_cooked;L5_Cauliflower;Cauliflower_cooked_from_fresh_fat_added_in_cooking","Cauliflower_cooked_from_fresh_fat_added_in_cooking","Cauliflower_cooked_from_fresh_fat_added_in_cooking","Cauliflower_cooked_from_fresh_fat_added_in_cooking_W_ANIMAL_FAT_OR_MEAT_DRIPPINGS",1,0,0,0
75214021,"L1_Vegetables;L2_Other_vegetables;L3_Other_vegetables_cooked;L4_Other_vegetables_cooked;L5_Cauliflower;Cauliflower_cooked_from_fresh_fat_added_in_cooking","Cauliflower_cooked_from_fresh_fat_added_in_cooking","Cauliflower_cooked_from_fresh_fat_added_in_cooking","Cauliflower_cooked_from_fresh_fat_added_in_cooking_W_VEGETABLE_OIL_NFS_INCLUDE_OIL_NFS",1,0,0,0
75216121,"L1_Vegetables;L2_Other_vegetables;L3_Other_vegetables_cooked;L4_Other_vegetables_cooked;L5_Corn_or_cucumber;Corn_yellow_cooked_from_fresh_fat_added_in_cooking","Corn_yellow_cooked_from_fresh_fat_added_in_cooking","Corn_yellow_cooked_from_fresh_fat_added_in_cooking_W_BUTTER_NFS","Corn_yellow_cooked_from_fresh_fat_added_in_cooking_W_BUTTER_NFS",0,0,1,0
75216121,"L1_Vegetables;L2_Other_vegetables;L3_Other_vegetables_cooked;L4_Other_vegetables_cooked;L5_Corn_or_cucumber;Corn_yellow_cooked_from_fresh_fat_added_in_cooking","Corn_yellow_cooked_from_fresh_fat_added_in_cooking","Corn_yellow_cooked_from_fresh_fat_added_in_cooking_W_VEGETABLE_OIL_NFS_INCLUDE_OIL_NFS","Corn_yellow_cooked_from_fresh_fat_added_in_cooking_W_BUTTER_NFS",0,0,0,0
75216121,"L1_Vegetables;L2_Other_vegetables;L3_Other_vegetables_cooked;L4_Other_vegetables_cooked;L5_Corn_or_cucumber;Corn_yellow_cooked_from_fresh_fat_added_in_cooking","Corn_yellow_cooked_from_fresh_fat_added_in_cooking","Corn_yellow_cooked_from_fresh_fat_added_in_cooking","Corn_yellow_cooked_from_fresh_fat_added_in_cooking_W_BUTTER_NFS",1,0,0,0
75216221,"L1_Vegetables;L2_Other_vegetables;L3_Other_vegetables_cooked;L4_Other_vegetables_cooked;L5_Corn_or_cucumber;Corn_white_cooked_from_fresh_fat_added_in_cooking","Corn_white_cooked_from_fresh_fat_added_in_cooking","Corn_white_cooked_from_fresh_fat_added_in_cooking_W_VEGETABLE_OIL_NFS_INCLUDE_OIL_NFS","Corn_white_cooked_from_fresh_fat_added_in_cooking_W_BUTTER_NFS",0,0,0,0
75216221,"L1_Vegetables;L2_Other_vegetables;L3_Other_vegetables_cooked;L4_Other_vegetables_cooked;L5_Corn_or_cucumber;Corn_white_cooked_from_fresh_fat_added_in_cooking","Corn_white_cooked_from_fresh_fat_added_in_cooking","Corn_white_cooked_from_fresh_fat_added_in_cooking_W_BUTTER_NFS","Corn_white_cooked_from_fresh_fat_added_in_cooking_W_BUTTER_NFS",0,0,1,0
75217020,"L1_Vegetables;L2_Other_vegetables;L3_Other_vegetables_cooked;L4_Other_vegetables_cooked;L5_Eggplant_squash_flowers_or_hominy;Eggplant_cooked_fat_added_in_cooking","Eggplant_cooked_fat_added_in_cooking","Eggplant_cooked_fat_added_in_cooking_W_VEGETABLE_OIL_NFS_INCLUDE_OIL_NFS","Eggplant_cooked_fat_added_in_cooking",0,1,0,0
75217020,"L1_Vegetables;L2_Other_vegetables;L3_Other_vegetables_cooked;L4_Other_vegetables_cooked;L5_Eggplant_squash_flowers_or_hominy;Eggplant_cooked_fat_added_in_cooking","Eggplant_cooked_fat_added_in_cooking","Eggplant_cooked_fat_added_in_cooking_W_VEGETABLE_OIL_NFS_INCLUDE_OIL_NFS","Eggplant_cooked_fat_added_in_cooking_W_VEGETABLE_OIL_NFS_INCLUDE_OIL_NFS",0,0,1,0
75219021,"L1_Vegetables;L2_Other_vegetables;L3_Other_vegetables_cooked;L4_Other_vegetables_cooked;L5_Mushrooms;Mushrooms_cooked_from_fresh_fat_added_in_cooking","Mushrooms_cooked_from_fresh_fat_added_in_cooking","Mushrooms_cooked_from_fresh_fat_added_in_cooking_W_BUTTER_NFS","Mushrooms_cooked_from_fresh_fat_added_in_cooking_W_BUTTER_NFS",0,0,1,0
75219021,"L1_Vegetables;L2_Other_vegetables;L3_Other_vegetables_cooked;L4_Other_vegetables_cooked;L5_Mushrooms;Mushrooms_cooked_from_fresh_fat_added_in_cooking","Mushrooms_cooked_from_fresh_fat_added_in_cooking","Mushrooms_cooked_from_fresh_fat_added_in_cooking_W_BUTTER_NFS","Mushrooms_cooked_from_fresh_fat_added_in_cooking_W_VEGETABLE_OIL_NFS_INCLUDE_OIL_NFS",0,0,0,0
75219021,"L1_Vegetables;L2_Other_vegetables;L3_Other_vegetables_cooked;L4_Other_vegetables_cooked;L5_Mushrooms;Mushrooms_cooked_from_fresh_fat_added_in_cooking","Mushrooms_cooked_from_fresh_fat_added_in_cooking","Mushrooms_cooked_from_fresh_fat_added_in_cooking_W_BUTTER_NFS","Mushrooms_cooked_from_fresh_fat_added_in_cooking_W_ANIMAL_FAT_OR_MEAT_DRIPPINGS",0,0,0,0
75219021,"L1_Vegetables;L2_Other_vegetables;L3_Other_vegetables_cooked;L4_Other_vegetables_cooked;L5_Mushrooms;Mushrooms_cooked_from_fresh_fat_added_in_cooking","Mushrooms_cooked_from_fresh_fat_added_in_cooking","Mushrooms_cooked_from_fresh_fat_added_in_cooking_W_VEGETABLE_OIL_NFS_INCLUDE_OIL_NFS","Mushrooms_cooked_from_fresh_fat_added_in_cooking_W_BUTTER_NFS",0,0,0,0
75219021,"L1_Vegetables;L2_Other_vegetables;L3_Other_vegetables_cooked;L4_Other_vegetables_cooked;L5_Mushrooms;Mushrooms_cooked_from_fresh_fat_added_in_cooking","Mushrooms_cooked_from_fresh_fat_added_in_cooking","Mushrooms_cooked_from_fresh_fat_added_in_cooking_W_VEGETABLE_OIL_NFS_INCLUDE_OIL_NFS","Mushrooms_cooked_from_fresh_fat_added_in_cooking_W_VEGETABLE_OIL_NFS_INCLUDE_OIL_NFS",0,0,1,0
75219021,"L1_Vegetables;L2_Other_vegetables;L3_Other_vegetables_cooked;L4_Other_vegetables_cooked;L5_Mushrooms;Mushrooms_cooked_from_fresh_fat_added_in_cooking","Mushrooms_cooked_from_fresh_fat_added_in_cooking","Mushrooms_cooked_from_fresh_fat_added_in_cooking_W_VEGETABLE_OIL_NFS_INCLUDE_OIL_NFS","Mushrooms_cooked_from_fresh_fat_added_in_cooking_W_ANIMAL_FAT_OR_MEAT_DRIPPINGS",0,0,0,0
75219021,"L1_Vegetables;L2_Other_vegetables;L3_Other_vegetables_cooked;L4_Other_vegetables_cooked;L5_Mushrooms;Mushrooms_cooked_from_fresh_fat_added_in_cooking","Mushrooms_cooked_from_fresh_fat_added_in_cooking","Mushrooms_cooked_from_fresh_fat_added_in_cooking","Mushrooms_cooked_from_fresh_fat_added_in_cooking_W_BUTTER_NFS",1,0,0,0
75219021,"L1_Vegetables;L2_Other_vegetables;L3_Other_vegetables_cooked;L4_Other_vegetables_cooked;L5_Mushrooms;Mushrooms_cooked_from_fresh_fat_added_in_cooking","Mushrooms_cooked_from_fresh_fat_added_in_cooking","Mushrooms_cooked_from_fresh_fat_added_in_cooking","Mushrooms_cooked_from_fresh_fat_added_in_cooking_W_VEGETABLE_OIL_NFS_INCLUDE_OIL_NFS",1,0,0,0
75219021,"L1_Vegetables;L2_Other_vegetables;L3_Other_vegetables_cooked;L4_Other_vegetables_cooked;L5_Mushrooms;Mushrooms_cooked_from_fresh_fat_added_in_cooking","Mushrooms_cooked_from_fresh_fat_added_in_cooking","Mushrooms_cooked_from_fresh_fat_added_in_cooking","Mushrooms_cooked_from_fresh_fat_added_in_cooking_W_ANIMAL_FAT_OR_MEAT_DRIPPINGS",1,0,0,0
75221021,"L1_Vegetables;L2_Other_vegetables;L3_Other_vegetables_cooked;L4_Other_vegetables_cooked;L5_Onions_palm_hearts_or_parsley;Onions_mature_cooked_or_sauteed_from_fresh_fat_added_in_cooking","Onions_mature_cooked_or_sauteed_from_fresh_fat_added_in_cooking","Onions_mature_cooked_or_sauteed_from_fresh_fat_added_in_cooking_W_BUTTER_NFS","Onions_mature_cooked_or_sauteed_from_fresh_fat_added_in_cooking_W_BUTTER_NFS",0,0,1,0
75221021,"L1_Vegetables;L2_Other_vegetables;L3_Other_vegetables_cooked;L4_Other_vegetables_cooked;L5_Onions_palm_hearts_or_parsley;Onions_mature_cooked_or_sauteed_from_fresh_fat_added_in_cooking","Onions_mature_cooked_or_sauteed_from_fresh_fat_added_in_cooking","Onions_mature_cooked_or_sauteed_from_fresh_fat_added_in_cooking_W_BUTTER_NFS","Onions_mature_cooked_or_sauteed_from_fresh_fat_added_in_cooking_W_ANIMAL_FAT_OR_MEAT_DRIPPINGS",0,0,0,0
75221021,"L1_Vegetables;L2_Other_vegetables;L3_Other_vegetables_cooked;L4_Other_vegetables_cooked;L5_Onions_palm_hearts_or_parsley;Onions_mature_cooked_or_sauteed_from_fresh_fat_added_in_cooking","Onions_mature_cooked_or_sauteed_from_fresh_fat_added_in_cooking","Onions_mature_cooked_or_sauteed_from_fresh_fat_added_in_cooking_W_BUTTER_NFS","Onions_mature_cooked_or_sauteed_from_fresh_fat_added_in_cooking_W_VEGETABLE_OIL_NFS_INCLUDE_OIL_NFS",0,0,0,0
75221021,"L1_Vegetables;L2_Other_vegetables;L3_Other_vegetables_cooked;L4_Other_vegetables_cooked;L5_Onions_palm_hearts_or_parsley;Onions_mature_cooked_or_sauteed_from_fresh_fat_added_in_cooking","Onions_mature_cooked_or_sauteed_from_fresh_fat_added_in_cooking","Onions_mature_cooked_or_sauteed_from_fresh_fat_added_in_cooking","Onions_mature_cooked_or_sauteed_from_fresh_fat_added_in_cooking_W_BUTTER_NFS",1,0,0,0
75221021,"L1_Vegetables;L2_Other_vegetables;L3_Other_vegetables_cooked;L4_Other_vegetables_cooked;L5_Onions_palm_hearts_or_parsley;Onions_mature_cooked_or_sauteed_from_fresh_fat_added_in_cooking","Onions_mature_cooked_or_sauteed_from_fresh_fat_added_in_cooking","Onions_mature_cooked_or_sauteed_from_fresh_fat_added_in_cooking","Onions_mature_cooked_or_sauteed_from_fresh_fat_added_in_cooking_W_ANIMAL_FAT_OR_MEAT_DRIPPINGS",1,0,0,0
75221021,"L1_Vegetables;L2_Other_vegetables;L3_Other_vegetables_cooked;L4_Other_vegetables_cooked;L5_Onions_palm_hearts_or_parsley;Onions_mature_cooked_or_sauteed_from_fresh_fat_added_in_cooking","Onions_mature_cooked_or_sauteed_from_fresh_fat_added_in_cooking","Onions_mature_cooked_or_sauteed_from_fresh_fat_added_in_cooking","Onions_mature_cooked_or_sauteed_from_fresh_fat_added_in_cooking_W_VEGETABLE_OIL_NFS_INCLUDE_OIL_NFS",1,0,0,0
75221021,"L1_Vegetables;L2_Other_vegetables;L3_Other_vegetables_cooked;L4_Other_vegetables_cooked;L5_Onions_palm_hearts_or_parsley;Onions_mature_cooked_or_sauteed_from_fresh_fat_added_in_cooking","Onions_mature_cooked_or_sauteed_from_fresh_fat_added_in_cooking","Onions_mature_cooked_or_sauteed_from_fresh_fat_added_in_cooking_W_ANIMAL_FAT_OR_MEAT_DRIPPINGS","Onions_mature_cooked_or_sauteed_from_fresh_fat_added_in_cooking_W_BUTTER_NFS",0,0,0,0
75221021,"L1_Vegetables;L2_Other_vegetables;L3_Other_vegetables_cooked;L4_Other_vegetables_cooked;L5_Onions_palm_hearts_or_parsley;Onions_mature_cooked_or_sauteed_from_fresh_fat_added_in_cooking","Onions_mature_cooked_or_sauteed_from_fresh_fat_added_in_cooking","Onions_mature_cooked_or_sauteed_from_fresh_fat_added_in_cooking_W_ANIMAL_FAT_OR_MEAT_DRIPPINGS","Onions_mature_cooked_or_sauteed_from_fresh_fat_added_in_cooking_W_ANIMAL_FAT_OR_MEAT_DRIPPINGS",0,0,1,0
75221021,"L1_Vegetables;L2_Other_vegetables;L3_Other_vegetables_cooked;L4_Other_vegetables_cooked;L5_Onions_palm_hearts_or_parsley;Onions_mature_cooked_or_sauteed_from_fresh_fat_added_in_cooking","Onions_mature_cooked_or_sauteed_from_fresh_fat_added_in_cooking","Onions_mature_cooked_or_sauteed_from_fresh_fat_added_in_cooking_W_ANIMAL_FAT_OR_MEAT_DRIPPINGS","Onions_mature_cooked_or_sauteed_from_fresh_fat_added_in_cooking_W_VEGETABLE_OIL_NFS_INCLUDE_OIL_NFS",0,0,0,0
75221021,"L1_Vegetables;L2_Other_vegetables;L3_Other_vegetables_cooked;L4_Other_vegetables_cooked;L5_Onions_palm_hearts_or_parsley;Onions_mature_cooked_or_sauteed_from_fresh_fat_added_in_cooking","Onions_mature_cooked_or_sauteed_from_fresh_fat_added_in_cooking","Onions_mature_cooked_or_sauteed_from_fresh_fat_added_in_cooking_W_VEGETABLE_OIL_NFS_INCLUDE_OIL_NFS","Onions_mature_cooked_or_sauteed_from_fresh_fat_added_in_cooking_W_BUTTER_NFS",0,0,0,0
75221021,"L1_Vegetables;L2_Other_vegetables;L3_Other_vegetables_cooked;L4_Other_vegetables_cooked;L5_Onions_palm_hearts_or_parsley;Onions_mature_cooked_or_sauteed_from_fresh_fat_added_in_cooking","Onions_mature_cooked_or_sauteed_from_fresh_fat_added_in_cooking","Onions_mature_cooked_or_sauteed_from_fresh_fat_added_in_cooking_W_VEGETABLE_OIL_NFS_INCLUDE_OIL_NFS","Onions_mature_cooked_or_sauteed_from_fresh_fat_added_in_cooking_W_ANIMAL_FAT_OR_MEAT_DRIPPINGS",0,0,0,0
75221021,"L1_Vegetables;L2_Other_vegetables;L3_Other_vegetables_cooked;L4_Other_vegetables_cooked;L5_Onions_palm_hearts_or_parsley;Onions_mature_cooked_or_sauteed_from_fresh_fat_added_in_cooking","Onions_mature_cooked_or_sauteed_from_fresh_fat_added_in_cooking","Onions_mature_cooked_or_sauteed_from_fresh_fat_added_in_cooking_W_VEGETABLE_OIL_NFS_INCLUDE_OIL_NFS","Onions_mature_cooked_or_sauteed_from_fresh_fat_added_in_cooking_W_VEGETABLE_OIL_NFS_INCLUDE_OIL_NFS",0,0,1,0
75221061,"L1_Vegetables;L2_Other_vegetables;L3_Other_vegetables_cooked;L4_Other_vegetables_cooked;L5_Onions_palm_hearts_or_parsley;Onion_young_green_cooked_from_fresh_fat_added_in_cooking","Onion_young_green_cooked_from_fresh_fat_added_in_cooking","Onion_young_green_cooked_from_fresh_fat_added_in_cooking_W_VEGETABLE_OIL_NFS_INCLUDE_OIL_NFS","Onion_young_green_cooked_from_fresh_fat_added_in_cooking_W_VEGETABLE_OIL_NFS_INCLUDE_OIL_NFS",0,0,1,0
75226020,"L1_Vegetables;L2_Other_vegetables;L3_Other_vegetables_cooked;L4_Other_vegetables_cooked;L5_Peppers;Peppers_green_cooked_fat_added_in_cooking","Peppers_green_cooked_fat_added_in_cooking","Peppers_green_cooked_fat_added_in_cooking","Peppers_green_cooked_fat_added_in_cooking_W_VEGETABLE_OIL_NFS_INCLUDE_OIL_NFS",1,0,0,0
75226020,"L1_Vegetables;L2_Other_vegetables;L3_Other_vegetables_cooked;L4_Other_vegetables_cooked;L5_Peppers;Peppers_green_cooked_fat_added_in_cooking","Peppers_green_cooked_fat_added_in_cooking","Peppers_green_cooked_fat_added_in_cooking_W_VEGETABLE_OIL_NFS_INCLUDE_OIL_NFS","Peppers_green_cooked_fat_added_in_cooking_W_VEGETABLE_OIL_NFS_INCLUDE_OIL_NFS",0,0,1,0
75226020,"L1_Vegetables;L2_Other_vegetables;L3_Other_vegetables_cooked;L4_Other_vegetables_cooked;L5_Peppers;Peppers_green_cooked_fat_added_in_cooking","Peppers_green_cooked_fat_added_in_cooking","Peppers_green_cooked_fat_added_in_cooking_W_VEGETABLE_OIL_NFS_INCLUDE_OIL_NFS","Peppers_green_cooked_fat_added_in_cooking",0,1,0,0
75233020,"L1_Vegetables;L2_Other_vegetables;L3_Other_vegetables_cooked;L4_Other_vegetables_cooked;L5_Squash;Squash_summer_cooked_NS_as_to_form_fat_added_in_cooking","Squash_summer_cooked_NS_as_to_form_fat_added_in_cooking","Squash_summer_cooked_NS_as_to_form_fat_added_in_cooking_W_VEGETABLE_OIL_NFS_INCLUDE_OIL_NFS","Squash_summer_cooked_NS_as_to_form_fat_added_in_cooking_W_VEGETABLE_OIL_NFS_INCLUDE_OIL_NFS",0,0,1,0
75233020,"L1_Vegetables;L2_Other_vegetables;L3_Other_vegetables_cooked;L4_Other_vegetables_cooked;L5_Squash;Squash_summer_cooked_NS_as_to_form_fat_added_in_cooking","Squash_summer_cooked_NS_as_to_form_fat_added_in_cooking","Squash_summer_cooked_NS_as_to_form_fat_added_in_cooking","Squash_summer_cooked_NS_as_to_form_fat_added_in_cooking_W_VEGETABLE_OIL_NFS_INCLUDE_OIL_NFS",1,0,0,0
75233021,"L1_Vegetables;L2_Other_vegetables;L3_Other_vegetables_cooked;L4_Other_vegetables_cooked;L5_Squash;Squash_summer_cooked_from_fresh_fat_added_in_cooking","Squash_summer_cooked_from_fresh_fat_added_in_cooking","Squash_summer_cooked_from_fresh_fat_added_in_cooking_W_VEGETABLE_OIL_NFS_INCLUDE_OIL_NFS","Squash_summer_cooked_from_fresh_fat_added_in_cooking_W_ANIMAL_FAT_OR_MEAT_DRIPPINGS",0,0,0,0
75233021,"L1_Vegetables;L2_Other_vegetables;L3_Other_vegetables_cooked;L4_Other_vegetables_cooked;L5_Squash;Squash_summer_cooked_from_fresh_fat_added_in_cooking","Squash_summer_cooked_from_fresh_fat_added_in_cooking","Squash_summer_cooked_from_fresh_fat_added_in_cooking_W_VEGETABLE_OIL_NFS_INCLUDE_OIL_NFS","Squash_summer_cooked_from_fresh_fat_added_in_cooking_W_VEGETABLE_OIL_NFS_INCLUDE_OIL_NFS",0,0,1,0
75233021,"L1_Vegetables;L2_Other_vegetables;L3_Other_vegetables_cooked;L4_Other_vegetables_cooked;L5_Squash;Squash_summer_cooked_from_fresh_fat_added_in_cooking","Squash_summer_cooked_from_fresh_fat_added_in_cooking","Squash_summer_cooked_from_fresh_fat_added_in_cooking_W_VEGETABLE_OIL_NFS_INCLUDE_OIL_NFS","Squash_summer_cooked_from_fresh_fat_added_in_cooking_W_BUTTER_NFS",0,0,0,0
75233021,"L1_Vegetables;L2_Other_vegetables;L3_Other_vegetables_cooked;L4_Other_vegetables_cooked;L5_Squash;Squash_summer_cooked_from_fresh_fat_added_in_cooking","Squash_summer_cooked_from_fresh_fat_added_in_cooking","Squash_summer_cooked_from_fresh_fat_added_in_cooking","Squash_summer_cooked_from_fresh_fat_added_in_cooking_W_ANIMAL_FAT_OR_MEAT_DRIPPINGS",1,0,0,0
75233021,"L1_Vegetables;L2_Other_vegetables;L3_Other_vegetables_cooked;L4_Other_vegetables_cooked;L5_Squash;Squash_summer_cooked_from_fresh_fat_added_in_cooking","Squash_summer_cooked_from_fresh_fat_added_in_cooking","Squash_summer_cooked_from_fresh_fat_added_in_cooking","Squash_summer_cooked_from_fresh_fat_added_in_cooking_W_VEGETABLE_OIL_NFS_INCLUDE_OIL_NFS",1,0,0,0
75233021,"L1_Vegetables;L2_Other_vegetables;L3_Other_vegetables_cooked;L4_Other_vegetables_cooked;L5_Squash;Squash_summer_cooked_from_fresh_fat_added_in_cooking","Squash_summer_cooked_from_fresh_fat_added_in_cooking","Squash_summer_cooked_from_fresh_fat_added_in_cooking","Squash_summer_cooked_from_fresh_fat_added_in_cooking_W_BUTTER_NFS",1,0,0,0
75233021,"L1_Vegetables;L2_Other_vegetables;L3_Other_vegetables_cooked;L4_Other_vegetables_cooked;L5_Squash;Squash_summer_cooked_from_fresh_fat_added_in_cooking","Squash_summer_cooked_from_fresh_fat_added_in_cooking","Squash_summer_cooked_from_fresh_fat_added_in_cooking_W_BUTTER_NFS","Squash_summer_cooked_from_fresh_fat_added_in_cooking_W_ANIMAL_FAT_OR_MEAT_DRIPPINGS",0,0,0,0
75233021,"L1_Vegetables;L2_Other_vegetables;L3_Other_vegetables_cooked;L4_Other_vegetables_cooked;L5_Squash;Squash_summer_cooked_from_fresh_fat_added_in_cooking","Squash_summer_cooked_from_fresh_fat_added_in_cooking","Squash_summer_cooked_from_fresh_fat_added_in_cooking_W_BUTTER_NFS","Squash_summer_cooked_from_fresh_fat_added_in_cooking_W_VEGETABLE_OIL_NFS_INCLUDE_OIL_NFS",0,0,0,0
75233021,"L1_Vegetables;L2_Other_vegetables;L3_Other_vegetables_cooked;L4_Other_vegetables_cooked;L5_Squash;Squash_summer_cooked_from_fresh_fat_added_in_cooking","Squash_summer_cooked_from_fresh_fat_added_in_cooking","Squash_summer_cooked_from_fresh_fat_added_in_cooking_W_BUTTER_NFS","Squash_summer_cooked_from_fresh_fat_added_in_cooking_W_BUTTER_NFS",0,0,1,0
75414500,"L1_Vegetables;L2_Other_vegetables;L3_Other_cooked_vegetables_cooked_with_sauces_batters_casseroles;L4_Other_cooked_vegetables_cooked_with_sauces_batters_casseroles;L5_Mushrooms_or_okra;Okra_batter_dipped_fried","Okra_batter_dipped_fried","Okra_batter_dipped_fried","Okra_batter_dipped_fried_WO_FAT",1,0,0,0
75649010,"L1_Vegetables;L2_Other_vegetables;L3_Vegetable_soups;L4_Vegetable_soup;L5_;Vegetable_soup_canned_prepared_with_water_or_ready_to_serve","Vegetable_soup_canned_prepared_with_water_or_ready_to_serve","Vegetable_soup_canned_prepared_with_water_or_ready_to_serve","Vegetable_soup_prepared_with_water_or_ready_to_serve",1,0,0,0
75651020,"L1_Vegetables;L2_Other_vegetables;L3_Vegetable_soups;L4_Vegetable_soup_with_meat_pasta_or_noodles;L5_;Vegetable_beef_soup_canned_prepared_with_water_or_ready_to_serve","Vegetable_beef_soup_canned_prepared_with_water_or_ready_to_serve","Vegetable_beef_soup_canned_prepared_with_water_or_ready_to_serve","Vegetable_beef_soup_prepared_with_water",1,0,0,0
81301000,"L1_Fats_Oils_and_Salad_Dressings;L2_Fats;L3_Other_fats;L4_;L5_;Garlic_sauce","Garlic_sauce","Garlic_sauce","",1,0,0,0
82104000,"L1_Fats_Oils_and_Salad_Dressings;L2_Oils;L3_Vegetable_oils;L4_Vegetable_oils;L5_Olive_oil;Olive_oil","Olive_oil","Olive_oil","",1,0,0,0
83104000,"L1_Fats_Oils_and_Salad_Dressings;L2_Salad_dressings;L3_Regular_salad_dressings;L4_;L5_;French_or_Catalina_dressing","French_or_Catalina_dressing","French_or_Catalina_dressing","French_dressing",1,0,0,0
83112500,"L1_Fats_Oils_and_Salad_Dressings;L2_Salad_dressings;L3_Regular_salad_dressings;L4_;L5_;Creamy_dressing","Creamy_dressing","Creamy_dressing","Creamy_dressing_made_with_sour_cream_andor_buttermilk_and_oil",1,0,0,0
83200100,"L1_Fats_Oils_and_Salad_Dressings;L2_Salad_dressings;L3_Light_salad_dressings;L4_;L5_;Salad_dressing_light_NFS","Salad_dressing_light_NFS","Salad_dressing_light_NFS","Salad_dressing_low_calorie_NFS",1,0,0,0
83203000,"L1_Fats_Oils_and_Salad_Dressings;L2_Salad_dressings;L3_Light_salad_dressings;L4_;L5_;Caesar_dressing_light","Caesar_dressing_light","Caesar_dressing_light","Caesar_dressing_low_calorie",1,0,0,0
83204050,"L1_Fats_Oils_and_Salad_Dressings;L2_Salad_dressings;L3_Light_salad_dressings;L4_;L5_;Mayonnaise_type_salad_dressing_light","Mayonnaise_type_salad_dressing_light","Mayonnaise_type_salad_dressing_light","Mayonnaise_type_salad_dressing_low_calorie_or_diet",1,0,0,0
83205450,"L1_Fats_Oils_and_Salad_Dressings;L2_Salad_dressings;L3_Light_salad_dressings;L4_;L5_;Italian_dressing_light","Italian_dressing_light","Italian_dressing_light","Italian_dressing_reduced_calorie",1,0,0,0
83210100,"L1_Fats_Oils_and_Salad_Dressings;L2_Salad_dressings;L3_Light_salad_dressings;L4_;L5_;Creamy_dressing_light","Creamy_dressing_light","Creamy_dressing_light","Creamy_dressing_made_with_sour_cream_andor_buttermilk_and_oil_reduced_calorie",1,0,0,0
91621000,"L1_Sugars_Sweets_and_Beverages;L2_Sugars_and_sweets;L3_Ices_or_popsicles;L4_Snow_cone;L5_;Snow_cone","Snow_cone","Snow_cone","Snow_cone_slurps",1,0,0,0
91746100,"L1_Sugars_Sweets_and_Beverages;L2_Sugars_and_sweets;L3_Candies;L4_Candies;L5_Chocolate_candy;MMs_Milk_Chocolate_Candies_formerly_MMs_Plain_Chocolate_Candies_","MMs_Milk_Chocolate_Candies_formerly_MMs_Plain_Chocolate_Candies","M_Ms_Milk_Chocolate_Candies_formerly_M_Ms_Plain_Chocolate_Candies","M_Ms_Milk_Chocolate_Candies_formerly_M_Ms_Plain_Chocolate_Candies",0,0,1,0
92101900,"L1_Sugars_Sweets_and_Beverages;L2_Nonalcoholic_beverages;L3_Coffee;L4_Coffee;L5_Coffee_from_ground;Coffee_Latte","Coffee_Latte","Coffee_latte_W_2_MILK","Coffee_latte",0,0,0,0
92101900,"L1_Sugars_Sweets_and_Beverages;L2_Nonalcoholic_beverages;L3_Coffee;L4_Coffee;L5_Coffee_from_ground;Coffee_Latte","Coffee_Latte","Coffee_latte_W_2_MILK","Coffee_latte_W_2_MILK",0,0,1,0
92101900,"L1_Sugars_Sweets_and_Beverages;L2_Nonalcoholic_beverages;L3_Coffee;L4_Coffee;L5_Coffee_from_ground;Coffee_Latte","Coffee_Latte","Coffee_latte_W_2_MILK","Coffee_latte_W_WHOLE_MILK",0,0,0,0
92101900,"L1_Sugars_Sweets_and_Beverages;L2_Nonalcoholic_beverages;L3_Coffee;L4_Coffee;L5_Coffee_from_ground;Coffee_Latte","Coffee_Latte","Coffee_latte_W_SOY_MILK","Coffee_latte",0,0,0,0
92101900,"L1_Sugars_Sweets_and_Beverages;L2_Nonalcoholic_beverages;L3_Coffee;L4_Coffee;L5_Coffee_from_ground;Coffee_Latte","Coffee_Latte","Coffee_latte_W_SOY_MILK","Coffee_latte_W_2_MILK",0,0,0,0
92101900,"L1_Sugars_Sweets_and_Beverages;L2_Nonalcoholic_beverages;L3_Coffee;L4_Coffee;L5_Coffee_from_ground;Coffee_Latte","Coffee_Latte","Coffee_latte_W_SOY_MILK","Coffee_latte_W_WHOLE_MILK",0,0,0,0
92101900,"L1_Sugars_Sweets_and_Beverages;L2_Nonalcoholic_beverages;L3_Coffee;L4_Coffee;L5_Coffee_from_ground;Coffee_Latte","Coffee_Latte","Coffee_latte_W_WHOLE_MILK","Coffee_latte",0,0,0,0
92101900,"L1_Sugars_Sweets_and_Beverages;L2_Nonalcoholic_beverages;L3_Coffee;L4_Coffee;L5_Coffee_from_ground;Coffee_Latte","Coffee_Latte","Coffee_latte_W_WHOLE_MILK","Coffee_latte_W_2_MILK",0,0,0,0
92101900,"L1_Sugars_Sweets_and_Beverages;L2_Nonalcoholic_beverages;L3_Coffee;L4_Coffee;L5_Coffee_from_ground;Coffee_Latte","Coffee_Latte","Coffee_latte_W_WHOLE_MILK","Coffee_latte_W_WHOLE_MILK",0,0,1,0
92101900,"L1_Sugars_Sweets_and_Beverages;L2_Nonalcoholic_beverages;L3_Coffee;L4_Coffee;L5_Coffee_from_ground;Coffee_Latte","Coffee_Latte","Coffee_latte_W_SKIM_MILK","Coffee_latte",0,0,0,0
92101900,"L1_Sugars_Sweets_and_Beverages;L2_Nonalcoholic_beverages;L3_Coffee;L4_Coffee;L5_Coffee_from_ground;Coffee_Latte","Coffee_Latte","Coffee_latte_W_SKIM_MILK","Coffee_latte_W_2_MILK",0,0,0,0
92101900,"L1_Sugars_Sweets_and_Beverages;L2_Nonalcoholic_beverages;L3_Coffee;L4_Coffee;L5_Coffee_from_ground;Coffee_Latte","Coffee_Latte","Coffee_latte_W_SKIM_MILK","Coffee_latte_W_WHOLE_MILK",0,0,0,0
92101900,"L1_Sugars_Sweets_and_Beverages;L2_Nonalcoholic_beverages;L3_Coffee;L4_Coffee;L5_Coffee_from_ground;Coffee_Latte","Coffee_Latte","Coffee_Latte","Coffee_latte",1,0,0,0
92101900,"L1_Sugars_Sweets_and_Beverages;L2_Nonalcoholic_beverages;L3_Coffee;L4_Coffee;L5_Coffee_from_ground;Coffee_Latte","Coffee_Latte","Coffee_Latte","Coffee_latte_W_2_MILK",1,0,0,0
92101900,"L1_Sugars_Sweets_and_Beverages;L2_Nonalcoholic_beverages;L3_Coffee;L4_Coffee;L5_Coffee_from_ground;Coffee_Latte","Coffee_Latte","Coffee_Latte","Coffee_latte_W_WHOLE_MILK",1,0,0,0
92101900,"L1_Sugars_Sweets_and_Beverages;L2_Nonalcoholic_beverages;L3_Coffee;L4_Coffee;L5_Coffee_from_ground;Coffee_Latte","Coffee_Latte","Coffee_latte_W_1_MILK","Coffee_latte",0,0,0,0
92101900,"L1_Sugars_Sweets_and_Beverages;L2_Nonalcoholic_beverages;L3_Coffee;L4_Coffee;L5_Coffee_from_ground;Coffee_Latte","Coffee_Latte","Coffee_latte_W_1_MILK","Coffee_latte_W_2_MILK",0,0,0,0
92101900,"L1_Sugars_Sweets_and_Beverages;L2_Nonalcoholic_beverages;L3_Coffee;L4_Coffee;L5_Coffee_from_ground;Coffee_Latte","Coffee_Latte","Coffee_latte_W_1_MILK","Coffee_latte_W_WHOLE_MILK",0,0,0,0
92101920,"L1_Sugars_Sweets_and_Beverages;L2_Nonalcoholic_beverages;L3_Coffee;L4_Coffee;L5_Coffee_from_ground;Blended_coffee_beverage_made_with_regular_coffee_milk_and_ice_sweetened","Blended_coffee_beverage_made_with_regular_coffee_milk_and_ice_sweetened","Coffee_beverage_Frappuccino_regular_W_SKIM_MILK","Coffee_beverage_Frappuccino_regular",0,0,0,0
92101920,"L1_Sugars_Sweets_and_Beverages;L2_Nonalcoholic_beverages;L3_Coffee;L4_Coffee;L5_Coffee_from_ground;Blended_coffee_beverage_made_with_regular_coffee_milk_and_ice_sweetened","Blended_coffee_beverage_made_with_regular_coffee_milk_and_ice_sweetened","Coffee_beverage_Frappuccino_regular_W_SKIM_MILK","Frappuccino_regular_W_2_MILK",0,0,0,0
92101920,"L1_Sugars_Sweets_and_Beverages;L2_Nonalcoholic_beverages;L3_Coffee;L4_Coffee;L5_Coffee_from_ground;Blended_coffee_beverage_made_with_regular_coffee_milk_and_ice_sweetened","Blended_coffee_beverage_made_with_regular_coffee_milk_and_ice_sweetened","Blended_coffee_beverage_made_with_regular_coffee_milk_and_ice_sweetened","Coffee_beverage_Frappuccino_regular",1,0,0,0
92101920,"L1_Sugars_Sweets_and_Beverages;L2_Nonalcoholic_beverages;L3_Coffee;L4_Coffee;L5_Coffee_from_ground;Blended_coffee_beverage_made_with_regular_coffee_milk_and_ice_sweetened","Blended_coffee_beverage_made_with_regular_coffee_milk_and_ice_sweetened","Blended_coffee_beverage_made_with_regular_coffee_milk_and_ice_sweetened","Frappuccino_regular_W_2_MILK",1,0,0,0
92101950,"L1_Sugars_Sweets_and_Beverages;L2_Nonalcoholic_beverages;L3_Coffee;L4_Coffee;L5_Coffee_from_ground;Coffee_mocha","Coffee_mocha","Coffee_mocha_W_SKIM_MILK","Coffee_mocha",0,1,0,0
92101950,"L1_Sugars_Sweets_and_Beverages;L2_Nonalcoholic_beverages;L3_Coffee;L4_Coffee;L5_Coffee_from_ground;Coffee_mocha","Coffee_mocha","Coffee_mocha_W_SKIM_MILK","Coffee_mocha_W_2_MILK",0,0,0,0
92101950,"L1_Sugars_Sweets_and_Beverages;L2_Nonalcoholic_beverages;L3_Coffee;L4_Coffee;L5_Coffee_from_ground;Coffee_mocha","Coffee_mocha","Coffee_mocha_W_SKIM_MILK","Coffee_mocha_W_WHOLE_MILK",0,0,0,0
92101950,"L1_Sugars_Sweets_and_Beverages;L2_Nonalcoholic_beverages;L3_Coffee;L4_Coffee;L5_Coffee_from_ground;Coffee_mocha","Coffee_mocha","Coffee_mocha_W_1_MILK","Coffee_mocha",0,1,0,0
92101950,"L1_Sugars_Sweets_and_Beverages;L2_Nonalcoholic_beverages;L3_Coffee;L4_Coffee;L5_Coffee_from_ground;Coffee_mocha","Coffee_mocha","Coffee_mocha_W_1_MILK","Coffee_mocha_W_2_MILK",0,0,0,0
92101950,"L1_Sugars_Sweets_and_Beverages;L2_Nonalcoholic_beverages;L3_Coffee;L4_Coffee;L5_Coffee_from_ground;Coffee_mocha","Coffee_mocha","Coffee_mocha_W_1_MILK","Coffee_mocha_W_WHOLE_MILK",0,0,0,0
92101950,"L1_Sugars_Sweets_and_Beverages;L2_Nonalcoholic_beverages;L3_Coffee;L4_Coffee;L5_Coffee_from_ground;Coffee_mocha","Coffee_mocha","Coffee_mocha","Coffee_mocha_W_2_MILK",1,0,0,0
92101950,"L1_Sugars_Sweets_and_Beverages;L2_Nonalcoholic_beverages;L3_Coffee;L4_Coffee;L5_Coffee_from_ground;Coffee_mocha","Coffee_mocha","Coffee_mocha","Coffee_mocha_W_WHOLE_MILK",1,0,0,0
92101950,"L1_Sugars_Sweets_and_Beverages;L2_Nonalcoholic_beverages;L3_Coffee;L4_Coffee;L5_Coffee_from_ground;Coffee_mocha","Coffee_mocha","Coffee_mocha_W_WHOLE_MILK","Coffee_mocha",0,1,0,0
92101950,"L1_Sugars_Sweets_and_Beverages;L2_Nonalcoholic_beverages;L3_Coffee;L4_Coffee;L5_Coffee_from_ground;Coffee_mocha","Coffee_mocha","Coffee_mocha_W_WHOLE_MILK","Coffee_mocha_W_2_MILK",0,0,0,0
92101950,"L1_Sugars_Sweets_and_Beverages;L2_Nonalcoholic_beverages;L3_Coffee;L4_Coffee;L5_Coffee_from_ground;Coffee_mocha","Coffee_mocha","Coffee_mocha_W_WHOLE_MILK","Coffee_mocha_W_WHOLE_MILK",0,0,1,0
92101950,"L1_Sugars_Sweets_and_Beverages;L2_Nonalcoholic_beverages;L3_Coffee;L4_Coffee;L5_Coffee_from_ground;Coffee_mocha","Coffee_mocha","Coffee_mocha_W_2_MILK","Coffee_mocha",0,1,0,0
92101950,"L1_Sugars_Sweets_and_Beverages;L2_Nonalcoholic_beverages;L3_Coffee;L4_Coffee;L5_Coffee_from_ground;Coffee_mocha","Coffee_mocha","Coffee_mocha_W_2_MILK","Coffee_mocha_W_2_MILK",0,0,1,0
92101950,"L1_Sugars_Sweets_and_Beverages;L2_Nonalcoholic_beverages;L3_Coffee;L4_Coffee;L5_Coffee_from_ground;Coffee_mocha","Coffee_mocha","Coffee_mocha_W_2_MILK","Coffee_mocha_W_WHOLE_MILK",0,0,0,0
92161000,"L1_Sugars_Sweets_and_Beverages;L2_Nonalcoholic_beverages;L3_Coffee;L4_Cappuccino;L5_;Cappuccino","Cappuccino","Cappuccino_W_2_MILK","Cappuccino",0,1,0,0
